,Ravi::empathy,Ravi::trust,Ravi::skepticism,Ravi::resolve,Ravi::need,Ravi::memory,Ravi::nuance,Ravi::authority,Nima::empathy,Nima::trust,Nima::skepticism,Nima::resolve,Nima::need,Nima::memory,Nima::nuance,Nima::authority,Mariel::empathy,Mariel::trust,Mariel::skepticism,Mariel::resolve,Mariel::need,Mariel::memory,Mariel::nuance,Mariel::authority,Tovren::empathy,Tovren::trust,Tovren::skepticism,Tovren::resolve,Tovren::need,Tovren::memory,Tovren::nuance,Tovren::authority,Dalen::empathy,Dalen::trust,Dalen::skepticism,Dalen::resolve,Dalen::need,Dalen::memory,Dalen::nuance,Dalen::authority,Archivist Malrik::empathy,Archivist Malrik::trust,Archivist Malrik::skepticism,Archivist Malrik::resolve,Archivist Malrik::need,Archivist Malrik::memory,Archivist Malrik::nuance,Archivist Malrik::authority,High Seer Elenya::empathy,High Seer Elenya::trust,High Seer Elenya::skepticism,High Seer Elenya::resolve,High Seer Elenya::need,High Seer Elenya::memory,High Seer Elenya::nuance,High Seer Elenya::authority,Coren the Mediator::empathy,Coren the Mediator::trust,Coren the Mediator::skepticism,Coren the Mediator::resolve,Coren the Mediator::need,Coren the Mediator::memory,Coren the Mediator::nuance,Coren the Mediator::authority
0,0.7,0.83,0.15000000000000002,0.6,0.5,0.65,0.45,0.45,0.6,0.5500000000000002,0.5499999999999999,0.6,0.5,0.75,0.8500000000000001,0.35000000000000003,0.8,0.9,0.1,0.6,0.4,0.8500000000000001,0.75,0.45,0.3,0.4,0.7,0.7,0.2,0.65,0.35,0.5499999999999999,0.4,0.5,0.4,0.8,0.3,0.55,0.25,0.6499999999999999,0.3,0.4,0.6,0.7,0.3,0.9,0.65,0.6499999999999999,0.9,0.7500000000000001,0.2500000000000001,0.5,0.4,0.75,0.8500000000000001,0.5499999999999999,0.65,0.75,0.2,0.6,0.4,0.65,0.8500000000000001,0.5499999999999999
1,0.7,0.8500000000000001,0.15000000000000002,0.6,0.5,0.7000000000000001,0.5,0.4,0.6,0.8000000000000003,0.2999999999999999,0.6,0.5,0.8,0.9,0.30000000000000004,0.8,0.9,0.1,0.6,0.4,0.9,0.8,0.4,0.3,0.4,0.7,0.7,0.2,0.7000000000000001,0.39999999999999997,0.49999999999999994,0.4,0.5,0.4,0.8,0.3,0.6000000000000001,0.3,0.5999999999999999,0.3,0.5,0.5,0.7,0.3,0.9,0.7000000000000001,0.5999999999999999,0.9,0.7000000000000002,0.30000000000000016,0.5,0.4,0.8,0.9,0.49999999999999994,0.65,0.75,0.2,0.6,0.4,0.7000000000000001,0.9,0.49999999999999994
2,0.7,0.8500000000000001,0.15000000000000002,0.6,0.5,0.7500000000000001,0.55,0.35000000000000003,0.6,0.8500000000000001,0.15000000000000002,0.6,0.5,0.8500000000000001,0.9,0.25000000000000006,0.8,0.9,0.1,0.6,0.4,0.9,0.8500000000000001,0.35000000000000003,0.3,0.4,0.7,0.7,0.2,0.7500000000000001,0.44999999999999996,0.44999999999999996,0.4,0.5,0.4,0.8,0.3,0.6500000000000001,0.35,0.5499999999999998,0.3,0.6,0.4,0.7,0.3,0.9,0.7500000000000001,0.5499999999999998,0.9,0.6500000000000002,0.3500000000000002,0.5,0.4,0.8500000000000001,0.9,0.44999999999999996,0.65,0.75,0.2,0.6,0.4,0.7500000000000001,0.9,0.44999999999999996
3,0.7,0.8500000000000001,0.15000000000000002,0.6,0.5,0.8000000000000002,0.6000000000000001,0.30000000000000004,0.6,0.8500000000000001,0.15000000000000002,0.6,0.5,0.9,0.9,0.20000000000000007,0.8,0.9,0.1,0.6,0.4,0.9,0.9,0.30000000000000004,0.3,0.4,0.7,0.7,0.2,0.8000000000000002,0.49999999999999994,0.39999999999999997,0.4,0.5,0.4,0.8,0.3,0.7000000000000002,0.39999999999999997,0.49999999999999983,0.3,0.7,0.30000000000000004,0.7,0.3,0.9,0.8000000000000002,0.49999999999999983,0.9,0.6000000000000003,0.40000000000000024,0.5,0.4,0.9,0.9,0.39999999999999997,0.65,0.75,0.2,0.6,0.4,0.8000000000000002,0.9,0.39999999999999997
4,0.7,0.8500000000000001,0.15000000000000002,0.6,0.5,0.8500000000000002,0.6500000000000001,0.25000000000000006,0.6,0.8500000000000001,0.15000000000000002,0.6,0.5,0.9,0.9,0.15000000000000008,0.8,0.9,0.1,0.6,0.4,0.9,0.9,0.25000000000000006,0.3,0.4,0.7,0.7,0.2,0.8500000000000002,0.5499999999999999,0.35,0.4,0.5,0.4,0.8,0.3,0.7500000000000002,0.44999999999999996,0.44999999999999984,0.3,0.7999999999999999,0.20000000000000004,0.7,0.3,0.9,0.8500000000000002,0.44999999999999984,0.9,0.5500000000000004,0.4500000000000003,0.5,0.4,0.9,0.9,0.35,0.65,0.75,0.2,0.6,0.4,0.8500000000000002,0.9,0.35
5,0.7,0.8500000000000001,0.15000000000000002,0.6,0.5,0.9,0.7000000000000002,0.20000000000000007,0.6,0.8500000000000001,0.15000000000000002,0.6,0.5,0.9,0.9,0.10000000000000007,0.8,0.9,0.1,0.6,0.4,0.9,0.9,0.20000000000000007,0.3,0.4,0.7,0.7,0.2,0.9,0.6,0.3,0.4,0.5,0.4,0.8,0.3,0.8000000000000003,0.49999999999999994,0.39999999999999986,0.3,0.8999999999999999,0.10000000000000003,0.7,0.3,0.9,0.9,0.39999999999999986,0.9,0.5000000000000004,0.5000000000000002,0.5,0.4,0.9,0.9,0.3,0.65,0.75,0.2,0.6,0.4,0.9,0.9,0.3
6,0.7,0.8500000000000001,0.15000000000000002,0.6,0.5,0.9,0.7500000000000002,0.15000000000000008,0.6,0.8500000000000001,0.15000000000000002,0.6,0.5,0.9,0.9,0.1,0.8,0.9,0.1,0.6,0.4,0.9,0.9,0.15000000000000008,0.3,0.4,0.7,0.7,0.2,0.9,0.65,0.25,0.4,0.5,0.4,0.8,0.3,0.8500000000000003,0.5499999999999999,0.34999999999999987,0.3,0.9,0.1,0.7,0.3,0.9,0.9,0.34999999999999987,0.9,0.4500000000000004,0.5500000000000002,0.5,0.4,0.9,0.9,0.25,0.65,0.75,0.2,0.6,0.4,0.9,0.9,0.25
7,0.7,0.8500000000000001,0.15000000000000002,0.6,0.5,0.9,0.8000000000000003,0.10000000000000007,0.6,0.8500000000000001,0.15000000000000002,0.6,0.5,0.9,0.9,0.1,0.8,0.9,0.1,0.6,0.4,0.9,0.9,0.10000000000000007,0.3,0.4,0.7,0.7,0.2,0.9,0.7000000000000001,0.2,0.4,0.5,0.4,0.8,0.3,0.9,0.6,0.2999999999999999,0.3,0.9,0.1,0.7,0.3,0.9,0.9,0.2999999999999999,0.9,0.40000000000000036,0.6000000000000001,0.5,0.4,0.9,0.9,0.2,0.65,0.75,0.2,0.6,0.4,0.9,0.9,0.2
8,0.7,0.8500000000000001,0.15000000000000002,0.6,0.5,0.9,0.8500000000000003,0.1,0.6,0.8500000000000001,0.15000000000000002,0.6,0.5,0.9,0.9,0.1,0.8,0.9,0.1,0.6,0.4,0.9,0.9,0.1,0.3,0.4,0.7,0.7,0.2,0.9,0.7500000000000001,0.15000000000000002,0.4,0.5,0.4,0.8,0.3,0.9,0.65,0.2499999999999999,0.3,0.9,0.1,0.7,0.3,0.9,0.9,0.2499999999999999,0.9,0.3500000000000003,0.65,0.5,0.4,0.9,0.9,0.15000000000000002,0.65,0.75,0.2,0.6,0.4,0.9,0.9,0.15000000000000002
9,0.7,0.8500000000000001,0.15000000000000002,0.6,0.5,0.9,0.9,0.1,0.6,0.8500000000000001,0.15000000000000002,0.6,0.5,0.9,0.9,0.1,0.8,0.9,0.1,0.6,0.4,0.9,0.9,0.1,0.3,0.4,0.7,0.7,0.2,0.9,0.8000000000000002,0.10000000000000002,0.4,0.5,0.4,0.8,0.3,0.9,0.7000000000000001,0.1999999999999999,0.3,0.9,0.1,0.7,0.3,0.9,0.9,0.1999999999999999,0.9,0.3000000000000003,0.7,0.5,0.4,0.9,0.9,0.10000000000000002,0.65,0.75,0.2,0.6,0.4,0.9,0.9,0.10000000000000002
10,0.7,0.8500000000000001,0.15000000000000002,0.6,0.5,0.9,0.9,0.1,0.6,0.8500000000000001,0.15000000000000002,0.6,0.5,0.9,0.9,0.1,0.8,0.9,0.1,0.6,0.4,0.9,0.9,0.1,0.3,0.4,0.7,0.7,0.2,0.9,0.8500000000000002,0.1,0.4,0.5,0.4,0.8,0.3,0.9,0.7500000000000001,0.1499999999999999,0.3,0.9,0.1,0.7,0.3,0.9,0.9,0.1499999999999999,0.9,0.25000000000000033,0.7499999999999999,0.5,0.4,0.9,0.9,0.1,0.65,0.75,0.2,0.6,0.4,0.9,0.9,0.1
11,0.7,0.8500000000000001,0.15000000000000002,0.6,0.5,0.9,0.9,0.1,0.6,0.8500000000000001,0.15000000000000002,0.6,0.5,0.9,0.9,0.1,0.8,0.9,0.1,0.6,0.4,0.9,0.9,0.1,0.3,0.4,0.7,0.7,0.2,0.9,0.9,0.1,0.4,0.5,0.4,0.8,0.3,0.9,0.8000000000000002,0.1,0.3,0.9,0.1,0.7,0.3,0.9,0.9,0.1,0.9,0.20000000000000034,0.7999999999999998,0.5,0.4,0.9,0.9,0.1,0.65,0.75,0.2,0.6,0.4,0.9,0.9,0.1
12,0.7,0.8500000000000001,0.15000000000000002,0.6,0.5,0.9,0.9,0.1,0.6,0.8500000000000001,0.15000000000000002,0.6,0.5,0.9,0.9,0.1,0.8,0.9,0.1,0.6,0.4,0.9,0.9,0.1,0.3,0.4,0.7,0.7,0.2,0.9,0.9,0.1,0.4,0.5,0.4,0.8,0.3,0.9,0.8500000000000002,0.1,0.3,0.9,0.1,0.7,0.3,0.9,0.9,0.1,0.9,0.2,0.8,0.5,0.4,0.9,0.9,0.1,0.65,0.75,0.2,0.6,0.4,0.9,0.9,0.1
13,0.7,0.8500000000000001,0.15000000000000002,0.6,0.5,0.9,0.9,0.1,0.6,0.8500000000000001,0.15000000000000002,0.6,0.5,0.9,0.9,0.1,0.8,0.9,0.1,0.6,0.4,0.9,0.9,0.1,0.3,0.4,0.7,0.7,0.2,0.9,0.9,0.1,0.4,0.5,0.4,0.8,0.3,0.9,0.9,0.1,0.3,0.9,0.1,0.7,0.3,0.9,0.9,0.1,0.9,0.2,0.8,0.5,0.4,0.9,0.9,0.1,0.65,0.75,0.2,0.6,0.4,0.9,0.9,0.1
14,0.7,0.8500000000000001,0.15000000000000002,0.6,0.5,0.9,0.9,0.1,0.6,0.8500000000000001,0.15000000000000002,0.6,0.5,0.9,0.9,0.1,0.8,0.9,0.1,0.6,0.4,0.9,0.9,0.1,0.3,0.4,0.7,0.7,0.2,0.9,0.9,0.1,0.4,0.5,0.4,0.8,0.3,0.9,0.9,0.1,0.3,0.9,0.1,0.7,0.3,0.9,0.9,0.1,0.9,0.2,0.8,0.5,0.4,0.9,0.9,0.1,0.65,0.75,0.2,0.6,0.4,0.9,0.9,0.1
15,0.8999999999999999,0.8500000000000001,0.15000000000000002,0.39999999999999997,0.7,0.9,0.9,0.1,0.8,0.8500000000000001,0.15000000000000002,0.39999999999999997,0.7,0.9,0.9,0.1,0.9,0.9,0.1,0.39999999999999997,0.6000000000000001,0.9,0.9,0.1,0.5,0.4,0.7,0.49999999999999994,0.4,0.9,0.9,0.1,0.6000000000000001,0.5,0.4,0.6000000000000001,0.5,0.9,0.9,0.1,0.5,0.9,0.1,0.49999999999999994,0.5,0.9,0.9,0.1,0.9,0.2,0.8,0.3,0.6000000000000001,0.9,0.9,0.1,0.8500000000000001,0.75,0.2,0.39999999999999997,0.6000000000000001,0.9,0.9,0.1
16,0.8999999999999999,0.8500000000000001,0.15000000000000002,0.39999999999999997,0.7,0.9,0.9,0.1,0.8,0.8500000000000001,0.15000000000000002,0.39999999999999997,0.7,0.9,0.9,0.1,0.9,0.9,0.1,0.39999999999999997,0.6000000000000001,0.9,0.9,0.1,0.5,0.4,0.7,0.49999999999999994,0.4,0.9,0.9,0.1,0.6000000000000001,0.5,0.4,0.6000000000000001,0.5,0.9,0.9,0.1,0.5,0.9,0.1,0.49999999999999994,0.5,0.9,0.9,0.1,0.9,0.2,0.8,0.3,0.6000000000000001,0.9,0.9,0.1,0.8500000000000001,0.75,0.2,0.39999999999999997,0.6000000000000001,0.9,0.9,0.1
17,0.8999999999999999,0.8500000000000001,0.15000000000000002,0.39999999999999997,0.7,0.9,0.9,0.1,0.8,0.8500000000000001,0.15000000000000002,0.39999999999999997,0.7,0.9,0.9,0.1,0.9,0.9,0.1,0.39999999999999997,0.6000000000000001,0.9,0.9,0.1,0.5,0.4,0.7,0.49999999999999994,0.4,0.9,0.9,0.1,0.6000000000000001,0.5,0.4,0.6000000000000001,0.5,0.9,0.9,0.1,0.5,0.9,0.1,0.49999999999999994,0.5,0.9,0.9,0.1,0.9,0.2,0.8,0.3,0.6000000000000001,0.9,0.9,0.1,0.8500000000000001,0.75,0.2,0.39999999999999997,0.6000000000000001,0.9,0.9,0.1
18,0.8999999999999999,0.8500000000000001,0.15000000000000002,0.39999999999999997,0.7,0.9,0.9,0.1,0.8,0.8500000000000001,0.15000000000000002,0.39999999999999997,0.7,0.9,0.9,0.1,0.9,0.9,0.1,0.39999999999999997,0.6000000000000001,0.9,0.9,0.1,0.5,0.4,0.7,0.49999999999999994,0.4,0.9,0.9,0.1,0.6000000000000001,0.5,0.4,0.6000000000000001,0.5,0.9,0.9,0.1,0.5,0.9,0.1,0.49999999999999994,0.5,0.9,0.9,0.1,0.9,0.2,0.8,0.3,0.6000000000000001,0.9,0.9,0.1,0.8500000000000001,0.75,0.2,0.39999999999999997,0.6000000000000001,0.9,0.9,0.1
19,0.8999999999999999,0.8500000000000001,0.15000000000000002,0.39999999999999997,0.7,0.9,0.9,0.1,0.8,0.8500000000000001,0.15000000000000002,0.39999999999999997,0.7,0.9,0.9,0.1,0.9,0.9,0.1,0.39999999999999997,0.6000000000000001,0.9,0.9,0.1,0.5,0.4,0.7,0.49999999999999994,0.4,0.9,0.9,0.1,0.6000000000000001,0.5,0.4,0.6000000000000001,0.5,0.9,0.9,0.1,0.5,0.9,0.1,0.49999999999999994,0.5,0.9,0.9,0.1,0.9,0.2,0.8,0.3,0.6000000000000001,0.9,0.9,0.1,0.8500000000000001,0.75,0.2,0.39999999999999997,0.6000000000000001,0.9,0.9,0.1
20,0.8999999999999999,0.8500000000000001,0.15000000000000002,0.39999999999999997,0.7,0.9,0.9,0.1,0.8,0.8500000000000001,0.15000000000000002,0.39999999999999997,0.7,0.9,0.9,0.1,0.9,0.9,0.1,0.39999999999999997,0.6000000000000001,0.9,0.9,0.1,0.5,0.4,0.7,0.49999999999999994,0.4,0.9,0.9,0.1,0.6000000000000001,0.5,0.4,0.6000000000000001,0.5,0.9,0.9,0.1,0.5,0.9,0.1,0.49999999999999994,0.5,0.9,0.9,0.1,0.9,0.2,0.8,0.3,0.6000000000000001,0.9,0.9,0.1,0.8500000000000001,0.75,0.2,0.39999999999999997,0.6000000000000001,0.9,0.9,0.1
21,0.8999999999999999,0.8500000000000001,0.15000000000000002,0.39999999999999997,0.7,0.9,0.9,0.1,0.8,0.8500000000000001,0.15000000000000002,0.39999999999999997,0.7,0.9,0.9,0.1,0.9,0.9,0.1,0.39999999999999997,0.6000000000000001,0.9,0.9,0.1,0.5,0.4,0.7,0.49999999999999994,0.4,0.9,0.9,0.1,0.6000000000000001,0.5,0.4,0.6000000000000001,0.5,0.9,0.9,0.1,0.5,0.9,0.1,0.49999999999999994,0.5,0.9,0.9,0.1,0.9,0.2,0.8,0.3,0.6000000000000001,0.9,0.9,0.1,0.8500000000000001,0.75,0.2,0.39999999999999997,0.6000000000000001,0.9,0.9,0.1
22,0.8999999999999999,0.8500000000000001,0.15000000000000002,0.39999999999999997,0.7,0.9,0.9,0.1,0.8,0.8500000000000001,0.15000000000000002,0.39999999999999997,0.7,0.9,0.9,0.1,0.9,0.9,0.1,0.39999999999999997,0.6000000000000001,0.9,0.9,0.1,0.5,0.4,0.7,0.49999999999999994,0.4,0.9,0.9,0.1,0.6000000000000001,0.5,0.4,0.6000000000000001,0.5,0.9,0.9,0.1,0.5,0.9,0.1,0.49999999999999994,0.5,0.9,0.9,0.1,0.9,0.2,0.8,0.3,0.6000000000000001,0.9,0.9,0.1,0.8500000000000001,0.75,0.2,0.39999999999999997,0.6000000000000001,0.9,0.9,0.1
23,0.8999999999999999,0.8500000000000001,0.15000000000000002,0.39999999999999997,0.7,0.9,0.9,0.1,0.8,0.8500000000000001,0.15000000000000002,0.39999999999999997,0.7,0.9,0.9,0.1,0.9,0.9,0.1,0.39999999999999997,0.6000000000000001,0.9,0.9,0.1,0.5,0.4,0.7,0.49999999999999994,0.4,0.9,0.9,0.1,0.6000000000000001,0.5,0.4,0.6000000000000001,0.5,0.9,0.9,0.1,0.5,0.9,0.1,0.49999999999999994,0.5,0.9,0.9,0.1,0.9,0.2,0.8,0.3,0.6000000000000001,0.9,0.9,0.1,0.8500000000000001,0.75,0.2,0.39999999999999997,0.6000000000000001,0.9,0.9,0.1
24,0.8999999999999999,0.8500000000000001,0.15000000000000002,0.39999999999999997,0.7,0.9,0.9,0.1,0.8,0.8500000000000001,0.15000000000000002,0.39999999999999997,0.7,0.9,0.9,0.1,0.9,0.9,0.1,0.39999999999999997,0.6000000000000001,0.9,0.9,0.1,0.5,0.4,0.7,0.49999999999999994,0.4,0.9,0.9,0.1,0.6000000000000001,0.5,0.4,0.6000000000000001,0.5,0.9,0.9,0.1,0.5,0.9,0.1,0.49999999999999994,0.5,0.9,0.9,0.1,0.9,0.2,0.8,0.3,0.6000000000000001,0.9,0.9,0.1,0.8500000000000001,0.75,0.2,0.39999999999999997,0.6000000000000001,0.9,0.9,0.1
25,0.8999999999999999,0.8500000000000001,0.15000000000000002,0.39999999999999997,0.7,0.9,0.9,0.1,0.8,0.8500000000000001,0.15000000000000002,0.39999999999999997,0.7,0.9,0.9,0.1,0.9,0.9,0.1,0.39999999999999997,0.6000000000000001,0.9,0.9,0.1,0.5,0.4,0.7,0.49999999999999994,0.4,0.9,0.9,0.1,0.6000000000000001,0.5,0.4,0.6000000000000001,0.5,0.9,0.9,0.1,0.5,0.9,0.1,0.49999999999999994,0.5,0.9,0.9,0.1,0.9,0.2,0.8,0.3,0.6000000000000001,0.9,0.9,0.1,0.8500000000000001,0.75,0.2,0.39999999999999997,0.6000000000000001,0.9,0.9,0.1
26,0.8999999999999999,0.8500000000000001,0.15000000000000002,0.39999999999999997,0.7,0.9,0.9,0.1,0.8,0.8500000000000001,0.15000000000000002,0.39999999999999997,0.7,0.9,0.9,0.1,0.9,0.9,0.1,0.39999999999999997,0.6000000000000001,0.9,0.9,0.1,0.5,0.4,0.7,0.49999999999999994,0.4,0.9,0.9,0.1,0.6000000000000001,0.5,0.4,0.6000000000000001,0.5,0.9,0.9,0.1,0.5,0.9,0.1,0.49999999999999994,0.5,0.9,0.9,0.1,0.9,0.2,0.8,0.3,0.6000000000000001,0.9,0.9,0.1,0.8500000000000001,0.75,0.2,0.39999999999999997,0.6000000000000001,0.9,0.9,0.1
27,0.8999999999999999,0.8500000000000001,0.15000000000000002,0.39999999999999997,0.7,0.9,0.9,0.1,0.8,0.8500000000000001,0.15000000000000002,0.39999999999999997,0.7,0.9,0.9,0.1,0.9,0.9,0.1,0.39999999999999997,0.6000000000000001,0.9,0.9,0.1,0.5,0.4,0.7,0.49999999999999994,0.4,0.9,0.9,0.1,0.6000000000000001,0.5,0.4,0.6000000000000001,0.5,0.9,0.9,0.1,0.5,0.9,0.1,0.49999999999999994,0.5,0.9,0.9,0.1,0.9,0.2,0.8,0.3,0.6000000000000001,0.9,0.9,0.1,0.8500000000000001,0.75,0.2,0.39999999999999997,0.6000000000000001,0.9,0.9,0.1
28,0.8999999999999999,0.8500000000000001,0.15000000000000002,0.39999999999999997,0.7,0.9,0.9,0.1,0.8,0.8500000000000001,0.15000000000000002,0.39999999999999997,0.7,0.9,0.9,0.1,0.9,0.9,0.1,0.39999999999999997,0.6000000000000001,0.9,0.9,0.1,0.5,0.4,0.7,0.49999999999999994,0.4,0.9,0.9,0.1,0.6000000000000001,0.5,0.4,0.6000000000000001,0.5,0.9,0.9,0.1,0.5,0.9,0.1,0.49999999999999994,0.5,0.9,0.9,0.1,0.9,0.2,0.8,0.3,0.6000000000000001,0.9,0.9,0.1,0.8500000000000001,0.75,0.2,0.39999999999999997,0.6000000000000001,0.9,0.9,0.1
29,0.8999999999999999,0.8500000000000001,0.15000000000000002,0.39999999999999997,0.7,0.9,0.9,0.1,0.8,0.8500000000000001,0.15000000000000002,0.39999999999999997,0.7,0.9,0.9,0.1,0.9,0.9,0.1,0.39999999999999997,0.6000000000000001,0.9,0.9,0.1,0.5,0.4,0.7,0.49999999999999994,0.4,0.9,0.9,0.1,0.6000000000000001,0.5,0.4,0.6000000000000001,0.5,0.9,0.9,0.1,0.5,0.9,0.1,0.49999999999999994,0.5,0.9,0.9,0.1,0.9,0.2,0.8,0.3,0.6000000000000001,0.9,0.9,0.1,0.8500000000000001,0.75,0.2,0.39999999999999997,0.6000000000000001,0.9,0.9,0.1
30,0.8999999999999999,0.8500000000000001,0.15000000000000002,0.39999999999999997,0.7,0.9,0.9,0.1,0.8,0.8500000000000001,0.15000000000000002,0.39999999999999997,0.7,0.9,0.9,0.1,0.9,0.9,0.1,0.39999999999999997,0.6000000000000001,0.9,0.9,0.1,0.5,0.4,0.7,0.49999999999999994,0.4,0.9,0.9,0.1,0.6000000000000001,0.5,0.4,0.6000000000000001,0.5,0.9,0.9,0.1,0.5,0.9,0.1,0.49999999999999994,0.5,0.9,0.9,0.1,0.9,0.2,0.8,0.3,0.6000000000000001,0.9,0.9,0.1,0.8500000000000001,0.75,0.2,0.39999999999999997,0.6000000000000001,0.9,0.9,0.1
31,0.8999999999999999,0.8500000000000001,0.15000000000000002,0.39999999999999997,0.7,0.9,0.9,0.1,0.8,0.8500000000000001,0.15000000000000002,0.39999999999999997,0.7,0.9,0.9,0.1,0.9,0.9,0.1,0.39999999999999997,0.6000000000000001,0.9,0.9,0.1,0.5,0.4,0.7,0.49999999999999994,0.4,0.9,0.9,0.1,0.6000000000000001,0.5,0.4,0.6000000000000001,0.5,0.9,0.9,0.1,0.5,0.9,0.1,0.49999999999999994,0.5,0.9,0.9,0.1,0.9,0.2,0.8,0.3,0.6000000000000001,0.9,0.9,0.1,0.8500000000000001,0.75,0.2,0.39999999999999997,0.6000000000000001,0.9,0.9,0.1
32,0.8999999999999999,0.8500000000000001,0.15000000000000002,0.39999999999999997,0.7,0.9,0.9,0.1,0.8,0.8500000000000001,0.15000000000000002,0.39999999999999997,0.7,0.9,0.9,0.1,0.9,0.9,0.1,0.39999999999999997,0.6000000000000001,0.9,0.9,0.1,0.5,0.4,0.7,0.49999999999999994,0.4,0.9,0.9,0.1,0.6000000000000001,0.5,0.4,0.6000000000000001,0.5,0.9,0.9,0.1,0.5,0.9,0.1,0.49999999999999994,0.5,0.9,0.9,0.1,0.9,0.2,0.8,0.3,0.6000000000000001,0.9,0.9,0.1,0.8500000000000001,0.75,0.2,0.39999999999999997,0.6000000000000001,0.9,0.9,0.1
33,0.8999999999999999,0.8500000000000001,0.15000000000000002,0.39999999999999997,0.7,0.9,0.9,0.1,0.8,0.8500000000000001,0.15000000000000002,0.39999999999999997,0.7,0.9,0.9,0.1,0.9,0.9,0.1,0.39999999999999997,0.6000000000000001,0.9,0.9,0.1,0.5,0.4,0.7,0.49999999999999994,0.4,0.9,0.9,0.1,0.6000000000000001,0.5,0.4,0.6000000000000001,0.5,0.9,0.9,0.1,0.5,0.9,0.1,0.49999999999999994,0.5,0.9,0.9,0.1,0.9,0.2,0.8,0.3,0.6000000000000001,0.9,0.9,0.1,0.8500000000000001,0.75,0.2,0.39999999999999997,0.6000000000000001,0.9,0.9,0.1
34,0.8999999999999999,0.8500000000000001,0.15000000000000002,0.39999999999999997,0.7,0.9,0.9,0.1,0.8,0.8500000000000001,0.15000000000000002,0.39999999999999997,0.7,0.9,0.9,0.1,0.9,0.9,0.1,0.39999999999999997,0.6000000000000001,0.9,0.9,0.1,0.5,0.4,0.7,0.49999999999999994,0.4,0.9,0.9,0.1,0.6000000000000001,0.5,0.4,0.6000000000000001,0.5,0.9,0.9,0.1,0.5,0.9,0.1,0.49999999999999994,0.5,0.9,0.9,0.1,0.9,0.2,0.8,0.3,0.6000000000000001,0.9,0.9,0.1,0.8500000000000001,0.75,0.2,0.39999999999999997,0.6000000000000001,0.9,0.9,0.1
35,0.8999999999999999,0.8500000000000001,0.15000000000000002,0.39999999999999997,0.7,0.9,0.9,0.1,0.8,0.8500000000000001,0.15000000000000002,0.39999999999999997,0.7,0.9,0.9,0.1,0.9,0.9,0.1,0.39999999999999997,0.6000000000000001,0.9,0.9,0.1,0.5,0.4,0.7,0.49999999999999994,0.4,0.9,0.9,0.1,0.6000000000000001,0.5,0.4,0.6000000000000001,0.5,0.9,0.9,0.1,0.5,0.9,0.1,0.49999999999999994,0.5,0.9,0.9,0.1,0.9,0.2,0.8,0.3,0.6000000000000001,0.9,0.9,0.1,0.8500000000000001,0.75,0.2,0.39999999999999997,0.6000000000000001,0.9,0.9,0.1
36,0.8999999999999999,0.8500000000000001,0.15000000000000002,0.39999999999999997,0.7,0.9,0.9,0.1,0.8,0.8500000000000001,0.15000000000000002,0.39999999999999997,0.7,0.9,0.9,0.1,0.9,0.9,0.1,0.39999999999999997,0.6000000000000001,0.9,0.9,0.1,0.5,0.4,0.7,0.49999999999999994,0.4,0.9,0.9,0.1,0.6000000000000001,0.5,0.4,0.6000000000000001,0.5,0.9,0.9,0.1,0.5,0.9,0.1,0.49999999999999994,0.5,0.9,0.9,0.1,0.9,0.2,0.8,0.3,0.6000000000000001,0.9,0.9,0.1,0.8500000000000001,0.75,0.2,0.39999999999999997,0.6000000000000001,0.9,0.9,0.1
37,0.8999999999999999,0.8500000000000001,0.15000000000000002,0.39999999999999997,0.7,0.9,0.9,0.1,0.8,0.8500000000000001,0.15000000000000002,0.39999999999999997,0.7,0.9,0.9,0.1,0.9,0.9,0.1,0.39999999999999997,0.6000000000000001,0.9,0.9,0.1,0.5,0.4,0.7,0.49999999999999994,0.4,0.9,0.9,0.1,0.6000000000000001,0.5,0.4,0.6000000000000001,0.5,0.9,0.9,0.1,0.5,0.9,0.1,0.49999999999999994,0.5,0.9,0.9,0.1,0.9,0.2,0.8,0.3,0.6000000000000001,0.9,0.9,0.1,0.8500000000000001,0.75,0.2,0.39999999999999997,0.6000000000000001,0.9,0.9,0.1
38,0.8999999999999999,0.8500000000000001,0.15000000000000002,0.39999999999999997,0.7,0.9,0.9,0.1,0.8,0.8500000000000001,0.15000000000000002,0.39999999999999997,0.7,0.9,0.9,0.1,0.9,0.9,0.1,0.39999999999999997,0.6000000000000001,0.9,0.9,0.1,0.5,0.4,0.7,0.49999999999999994,0.4,0.9,0.9,0.1,0.6000000000000001,0.5,0.4,0.6000000000000001,0.5,0.9,0.9,0.1,0.5,0.9,0.1,0.49999999999999994,0.5,0.9,0.9,0.1,0.9,0.2,0.8,0.3,0.6000000000000001,0.9,0.9,0.1,0.8500000000000001,0.75,0.2,0.39999999999999997,0.6000000000000001,0.9,0.9,0.1
39,0.8999999999999999,0.8500000000000001,0.15000000000000002,0.39999999999999997,0.7,0.9,0.9,0.1,0.8,0.8500000000000001,0.15000000000000002,0.39999999999999997,0.7,0.9,0.9,0.1,0.9,0.9,0.1,0.39999999999999997,0.6000000000000001,0.9,0.9,0.1,0.5,0.4,0.7,0.49999999999999994,0.4,0.9,0.9,0.1,0.6000000000000001,0.5,0.4,0.6000000000000001,0.5,0.9,0.9,0.1,0.5,0.9,0.1,0.49999999999999994,0.5,0.9,0.9,0.1,0.9,0.2,0.8,0.3,0.6000000000000001,0.9,0.9,0.1,0.8500000000000001,0.75,0.2,0.39999999999999997,0.6000000000000001,0.9,0.9,0.1
40,0.8999999999999999,0.8500000000000001,0.15000000000000002,0.39999999999999997,0.7,0.9,0.9,0.1,0.8,0.8500000000000001,0.15000000000000002,0.39999999999999997,0.7,0.9,0.9,0.1,0.9,0.9,0.1,0.39999999999999997,0.6000000000000001,0.9,0.9,0.1,0.5,0.4,0.7,0.49999999999999994,0.4,0.9,0.9,0.1,0.6000000000000001,0.5,0.4,0.6000000000000001,0.5,0.9,0.9,0.1,0.5,0.9,0.1,0.49999999999999994,0.5,0.9,0.9,0.1,0.9,0.2,0.8,0.3,0.6000000000000001,0.9,0.9,0.1,0.8500000000000001,0.75,0.2,0.39999999999999997,0.6000000000000001,0.9,0.9,0.1
41,0.8999999999999999,0.8500000000000001,0.15000000000000002,0.39999999999999997,0.7,0.9,0.9,0.1,0.8,0.8500000000000001,0.15000000000000002,0.39999999999999997,0.7,0.9,0.9,0.1,0.9,0.9,0.1,0.39999999999999997,0.6000000000000001,0.9,0.9,0.1,0.5,0.4,0.7,0.49999999999999994,0.4,0.9,0.9,0.1,0.6000000000000001,0.5,0.4,0.6000000000000001,0.5,0.9,0.9,0.1,0.5,0.9,0.1,0.49999999999999994,0.5,0.9,0.9,0.1,0.9,0.2,0.8,0.3,0.6000000000000001,0.9,0.9,0.1,0.8500000000000001,0.75,0.2,0.39999999999999997,0.6000000000000001,0.9,0.9,0.1
42,0.8999999999999999,0.8500000000000001,0.15000000000000002,0.39999999999999997,0.7,0.9,0.9,0.1,0.8,0.8500000000000001,0.15000000000000002,0.39999999999999997,0.7,0.9,0.9,0.1,0.9,0.9,0.1,0.39999999999999997,0.6000000000000001,0.9,0.9,0.1,0.5,0.4,0.7,0.49999999999999994,0.4,0.9,0.9,0.1,0.6000000000000001,0.5,0.4,0.6000000000000001,0.5,0.9,0.9,0.1,0.5,0.9,0.1,0.49999999999999994,0.5,0.9,0.9,0.1,0.9,0.2,0.8,0.3,0.6000000000000001,0.9,0.9,0.1,0.8500000000000001,0.75,0.2,0.39999999999999997,0.6000000000000001,0.9,0.9,0.1
43,0.8999999999999999,0.8500000000000001,0.15000000000000002,0.39999999999999997,0.7,0.9,0.9,0.1,0.8,0.8500000000000001,0.15000000000000002,0.39999999999999997,0.7,0.9,0.9,0.1,0.9,0.9,0.1,0.39999999999999997,0.6000000000000001,0.9,0.9,0.1,0.5,0.4,0.7,0.49999999999999994,0.4,0.9,0.9,0.1,0.6000000000000001,0.5,0.4,0.6000000000000001,0.5,0.9,0.9,0.1,0.5,0.9,0.1,0.49999999999999994,0.5,0.9,0.9,0.1,0.9,0.2,0.8,0.3,0.6000000000000001,0.9,0.9,0.1,0.8500000000000001,0.75,0.2,0.39999999999999997,0.6000000000000001,0.9,0.9,0.1
44,0.8999999999999999,0.8500000000000001,0.15000000000000002,0.39999999999999997,0.7,0.9,0.9,0.1,0.8,0.8500000000000001,0.15000000000000002,0.39999999999999997,0.7,0.9,0.9,0.1,0.9,0.9,0.1,0.39999999999999997,0.6000000000000001,0.9,0.9,0.1,0.5,0.4,0.7,0.49999999999999994,0.4,0.9,0.9,0.1,0.6000000000000001,0.5,0.4,0.6000000000000001,0.5,0.9,0.9,0.1,0.5,0.9,0.1,0.49999999999999994,0.5,0.9,0.9,0.1,0.9,0.2,0.8,0.3,0.6000000000000001,0.9,0.9,0.1,0.8500000000000001,0.75,0.2,0.39999999999999997,0.6000000000000001,0.9,0.9,0.1
45,0.8999999999999999,0.8500000000000001,0.15000000000000002,0.39999999999999997,0.7,0.9,0.9,0.1,0.8,0.8500000000000001,0.15000000000000002,0.39999999999999997,0.7,0.9,0.9,0.1,0.9,0.9,0.1,0.39999999999999997,0.6000000000000001,0.9,0.9,0.1,0.5,0.4,0.7,0.49999999999999994,0.4,0.9,0.9,0.1,0.6000000000000001,0.5,0.4,0.6000000000000001,0.5,0.9,0.9,0.1,0.5,0.9,0.1,0.49999999999999994,0.5,0.9,0.9,0.1,0.9,0.2,0.8,0.3,0.6000000000000001,0.9,0.9,0.1,0.8500000000000001,0.75,0.2,0.39999999999999997,0.6000000000000001,0.9,0.9,0.1
46,0.8999999999999999,0.8500000000000001,0.15000000000000002,0.39999999999999997,0.7,0.9,0.9,0.1,0.8,0.8500000000000001,0.15000000000000002,0.39999999999999997,0.7,0.9,0.9,0.1,0.9,0.9,0.1,0.39999999999999997,0.6000000000000001,0.9,0.9,0.1,0.5,0.4,0.7,0.49999999999999994,0.4,0.9,0.9,0.1,0.6000000000000001,0.5,0.4,0.6000000000000001,0.5,0.9,0.9,0.1,0.5,0.9,0.1,0.49999999999999994,0.5,0.9,0.9,0.1,0.9,0.2,0.8,0.3,0.6000000000000001,0.9,0.9,0.1,0.8500000000000001,0.75,0.2,0.39999999999999997,0.6000000000000001,0.9,0.9,0.1
47,0.8999999999999999,0.8500000000000001,0.15000000000000002,0.39999999999999997,0.7,0.9,0.9,0.1,0.8,0.8500000000000001,0.15000000000000002,0.39999999999999997,0.7,0.9,0.9,0.1,0.9,0.9,0.1,0.39999999999999997,0.6000000000000001,0.9,0.9,0.1,0.5,0.4,0.7,0.49999999999999994,0.4,0.9,0.9,0.1,0.6000000000000001,0.5,0.4,0.6000000000000001,0.5,0.9,0.9,0.1,0.5,0.9,0.1,0.49999999999999994,0.5,0.9,0.9,0.1,0.9,0.2,0.8,0.3,0.6000000000000001,0.9,0.9,0.1,0.8500000000000001,0.75,0.2,0.39999999999999997,0.6000000000000001,0.9,0.9,0.1
48,0.8999999999999999,0.8500000000000001,0.15000000000000002,0.39999999999999997,0.7,0.9,0.9,0.1,0.8,0.8500000000000001,0.15000000000000002,0.39999999999999997,0.7,0.9,0.9,0.1,0.9,0.9,0.1,0.39999999999999997,0.6000000000000001,0.9,0.9,0.1,0.5,0.4,0.7,0.49999999999999994,0.4,0.9,0.9,0.1,0.6000000000000001,0.5,0.4,0.6000000000000001,0.5,0.9,0.9,0.1,0.5,0.9,0.1,0.49999999999999994,0.5,0.9,0.9,0.1,0.9,0.2,0.8,0.3,0.6000000000000001,0.9,0.9,0.1,0.8500000000000001,0.75,0.2,0.39999999999999997,0.6000000000000001,0.9,0.9,0.1
49,0.8999999999999999,0.8500000000000001,0.15000000000000002,0.39999999999999997,0.7,0.9,0.9,0.1,0.8,0.8500000000000001,0.15000000000000002,0.39999999999999997,0.7,0.9,0.9,0.1,0.9,0.9,0.1,0.39999999999999997,0.6000000000000001,0.9,0.9,0.1,0.5,0.4,0.7,0.49999999999999994,0.4,0.9,0.9,0.1,0.6000000000000001,0.5,0.4,0.6000000000000001,0.5,0.9,0.9,0.1,0.5,0.9,0.1,0.49999999999999994,0.5,0.9,0.9,0.1,0.9,0.2,0.8,0.3,0.6000000000000001,0.9,0.9,0.1,0.8500000000000001,0.75,0.2,0.39999999999999997,0.6000000000000001,0.9,0.9,0.1
50,0.8999999999999999,0.8500000000000001,0.15000000000000002,0.39999999999999997,0.7,0.9,0.9,0.1,0.8,0.8500000000000001,0.15000000000000002,0.39999999999999997,0.7,0.9,0.9,0.1,0.9,0.9,0.1,0.39999999999999997,0.6000000000000001,0.9,0.9,0.1,0.5,0.4,0.7,0.49999999999999994,0.4,0.9,0.9,0.1,0.6000000000000001,0.5,0.4,0.6000000000000001,0.5,0.9,0.9,0.1,0.5,0.9,0.1,0.49999999999999994,0.5,0.9,0.9,0.1,0.9,0.2,0.8,0.3,0.6000000000000001,0.9,0.9,0.1,0.8500000000000001,0.75,0.2,0.39999999999999997,0.6000000000000001,0.9,0.9,0.1
51,0.8999999999999999,0.8500000000000001,0.15000000000000002,0.39999999999999997,0.7,0.9,0.9,0.1,0.8,0.8500000000000001,0.15000000000000002,0.39999999999999997,0.7,0.9,0.9,0.1,0.9,0.9,0.1,0.39999999999999997,0.6000000000000001,0.9,0.9,0.1,0.5,0.4,0.7,0.49999999999999994,0.4,0.9,0.9,0.1,0.6000000000000001,0.5,0.4,0.6000000000000001,0.5,0.9,0.9,0.1,0.5,0.9,0.1,0.49999999999999994,0.5,0.9,0.9,0.1,0.9,0.2,0.8,0.3,0.6000000000000001,0.9,0.9,0.1,0.8500000000000001,0.75,0.2,0.39999999999999997,0.6000000000000001,0.9,0.9,0.1
52,0.8999999999999999,0.8500000000000001,0.15000000000000002,0.39999999999999997,0.7,0.9,0.9,0.1,0.8,0.8500000000000001,0.15000000000000002,0.39999999999999997,0.7,0.9,0.9,0.1,0.9,0.9,0.1,0.39999999999999997,0.6000000000000001,0.9,0.9,0.1,0.5,0.4,0.7,0.49999999999999994,0.4,0.9,0.9,0.1,0.6000000000000001,0.5,0.4,0.6000000000000001,0.5,0.9,0.9,0.1,0.5,0.9,0.1,0.49999999999999994,0.5,0.9,0.9,0.1,0.9,0.2,0.8,0.3,0.6000000000000001,0.9,0.9,0.1,0.8500000000000001,0.75,0.2,0.39999999999999997,0.6000000000000001,0.9,0.9,0.1
53,0.8999999999999999,0.8500000000000001,0.15000000000000002,0.39999999999999997,0.7,0.9,0.9,0.1,0.8,0.8500000000000001,0.15000000000000002,0.39999999999999997,0.7,0.9,0.9,0.1,0.9,0.9,0.1,0.39999999999999997,0.6000000000000001,0.9,0.9,0.1,0.5,0.4,0.7,0.49999999999999994,0.4,0.9,0.9,0.1,0.6000000000000001,0.5,0.4,0.6000000000000001,0.5,0.9,0.9,0.1,0.5,0.9,0.1,0.49999999999999994,0.5,0.9,0.9,0.1,0.9,0.2,0.8,0.3,0.6000000000000001,0.9,0.9,0.1,0.8500000000000001,0.75,0.2,0.39999999999999997,0.6000000000000001,0.9,0.9,0.1
54,0.8999999999999999,0.8500000000000001,0.15000000000000002,0.39999999999999997,0.7,0.9,0.9,0.1,0.8,0.8500000000000001,0.15000000000000002,0.39999999999999997,0.7,0.9,0.9,0.1,0.9,0.9,0.1,0.39999999999999997,0.6000000000000001,0.9,0.9,0.1,0.5,0.4,0.7,0.49999999999999994,0.4,0.9,0.9,0.1,0.6000000000000001,0.5,0.4,0.6000000000000001,0.5,0.9,0.9,0.1,0.5,0.9,0.1,0.49999999999999994,0.5,0.9,0.9,0.1,0.9,0.2,0.8,0.3,0.6000000000000001,0.9,0.9,0.1,0.8500000000000001,0.75,0.2,0.39999999999999997,0.6000000000000001,0.9,0.9,0.1
55,0.8999999999999999,0.8500000000000001,0.15000000000000002,0.39999999999999997,0.7,0.9,0.9,0.1,0.8,0.8500000000000001,0.15000000000000002,0.39999999999999997,0.7,0.9,0.9,0.1,0.9,0.9,0.1,0.39999999999999997,0.6000000000000001,0.9,0.9,0.1,0.5,0.4,0.7,0.49999999999999994,0.4,0.9,0.9,0.1,0.6000000000000001,0.5,0.4,0.6000000000000001,0.5,0.9,0.9,0.1,0.5,0.9,0.1,0.49999999999999994,0.5,0.9,0.9,0.1,0.9,0.2,0.8,0.3,0.6000000000000001,0.9,0.9,0.1,0.8500000000000001,0.75,0.2,0.39999999999999997,0.6000000000000001,0.9,0.9,0.1
56,0.8999999999999999,0.8500000000000001,0.15000000000000002,0.39999999999999997,0.7,0.9,0.9,0.1,0.8,0.8500000000000001,0.15000000000000002,0.39999999999999997,0.7,0.9,0.9,0.1,0.9,0.9,0.1,0.39999999999999997,0.6000000000000001,0.9,0.9,0.1,0.5,0.4,0.7,0.49999999999999994,0.4,0.9,0.9,0.1,0.6000000000000001,0.5,0.4,0.6000000000000001,0.5,0.9,0.9,0.1,0.5,0.9,0.1,0.49999999999999994,0.5,0.9,0.9,0.1,0.9,0.2,0.8,0.3,0.6000000000000001,0.9,0.9,0.1,0.8500000000000001,0.75,0.2,0.39999999999999997,0.6000000000000001,0.9,0.9,0.1
57,0.8999999999999999,0.8500000000000001,0.15000000000000002,0.39999999999999997,0.7,0.9,0.9,0.1,0.8,0.8500000000000001,0.15000000000000002,0.39999999999999997,0.7,0.9,0.9,0.1,0.9,0.9,0.1,0.39999999999999997,0.6000000000000001,0.9,0.9,0.1,0.5,0.4,0.7,0.49999999999999994,0.4,0.9,0.9,0.1,0.6000000000000001,0.5,0.4,0.6000000000000001,0.5,0.9,0.9,0.1,0.5,0.9,0.1,0.49999999999999994,0.5,0.9,0.9,0.1,0.9,0.2,0.8,0.3,0.6000000000000001,0.9,0.9,0.1,0.8500000000000001,0.75,0.2,0.39999999999999997,0.6000000000000001,0.9,0.9,0.1
58,0.8999999999999999,0.8500000000000001,0.15000000000000002,0.39999999999999997,0.7,0.9,0.9,0.1,0.8,0.8500000000000001,0.15000000000000002,0.39999999999999997,0.7,0.9,0.9,0.1,0.9,0.9,0.1,0.39999999999999997,0.6000000000000001,0.9,0.9,0.1,0.5,0.4,0.7,0.49999999999999994,0.4,0.9,0.9,0.1,0.6000000000000001,0.5,0.4,0.6000000000000001,0.5,0.9,0.9,0.1,0.5,0.9,0.1,0.49999999999999994,0.5,0.9,0.9,0.1,0.9,0.2,0.8,0.3,0.6000000000000001,0.9,0.9,0.1,0.8500000000000001,0.75,0.2,0.39999999999999997,0.6000000000000001,0.9,0.9,0.1
59,0.8999999999999999,0.8500000000000001,0.15000000000000002,0.39999999999999997,0.7,0.9,0.9,0.1,0.8,0.8500000000000001,0.15000000000000002,0.39999999999999997,0.7,0.9,0.9,0.1,0.9,0.9,0.1,0.39999999999999997,0.6000000000000001,0.9,0.9,0.1,0.5,0.4,0.7,0.49999999999999994,0.4,0.9,0.9,0.1,0.6000000000000001,0.5,0.4,0.6000000000000001,0.5,0.9,0.9,0.1,0.5,0.9,0.1,0.49999999999999994,0.5,0.9,0.9,0.1,0.9,0.2,0.8,0.3,0.6000000000000001,0.9,0.9,0.1,0.8500000000000001,0.75,0.2,0.39999999999999997,0.6000000000000001,0.9,0.9,0.1
60,0.8999999999999999,0.8500000000000001,0.15000000000000002,0.39999999999999997,0.7,0.9,0.9,0.1,0.8,0.8500000000000001,0.15000000000000002,0.39999999999999997,0.7,0.9,0.9,0.1,0.9,0.9,0.1,0.39999999999999997,0.6000000000000001,0.9,0.9,0.1,0.5,0.4,0.7,0.49999999999999994,0.4,0.9,0.9,0.1,0.6000000000000001,0.5,0.4,0.6000000000000001,0.5,0.9,0.9,0.1,0.5,0.9,0.1,0.49999999999999994,0.5,0.9,0.9,0.1,0.9,0.2,0.8,0.3,0.6000000000000001,0.9,0.9,0.1,0.8500000000000001,0.75,0.2,0.39999999999999997,0.6000000000000001,0.9,0.9,0.1
61,0.8999999999999999,0.8500000000000001,0.15000000000000002,0.39999999999999997,0.7,0.9,0.9,0.1,0.8,0.8500000000000001,0.15000000000000002,0.39999999999999997,0.7,0.9,0.9,0.1,0.9,0.9,0.1,0.39999999999999997,0.6000000000000001,0.9,0.9,0.1,0.5,0.4,0.7,0.49999999999999994,0.4,0.9,0.9,0.1,0.6000000000000001,0.5,0.4,0.6000000000000001,0.5,0.9,0.9,0.1,0.5,0.9,0.1,0.49999999999999994,0.5,0.9,0.9,0.1,0.9,0.2,0.8,0.3,0.6000000000000001,0.9,0.9,0.1,0.8500000000000001,0.75,0.2,0.39999999999999997,0.6000000000000001,0.9,0.9,0.1
62,0.8999999999999999,0.8500000000000001,0.15000000000000002,0.5,0.7,0.9,0.9,0.1,0.8,0.8500000000000001,0.15000000000000002,0.5,0.7,0.9,0.9,0.1,0.9,0.9,0.1,0.5,0.6000000000000001,0.9,0.9,0.1,0.5,0.5,0.6,0.6,0.4,0.9,0.9,0.1,0.6000000000000001,0.6,0.30000000000000004,0.7000000000000001,0.5,0.9,0.9,0.1,0.5,0.9,0.1,0.6,0.5,0.9,0.9,0.1,0.9,0.25000000000000006,0.75,0.4,0.6000000000000001,0.9,0.9,0.1,0.8500000000000001,0.85,0.1,0.5,0.6000000000000001,0.9,0.9,0.1
63,0.8999999999999999,0.8500000000000001,0.15000000000000002,0.5,0.7,0.9,0.9,0.1,0.8,0.8500000000000001,0.15000000000000002,0.5,0.7,0.9,0.9,0.1,0.9,0.9,0.1,0.5,0.6000000000000001,0.9,0.9,0.1,0.5,0.5,0.6,0.6,0.4,0.9,0.9,0.1,0.6000000000000001,0.6,0.30000000000000004,0.7000000000000001,0.5,0.9,0.9,0.1,0.5,0.9,0.1,0.6,0.5,0.9,0.9,0.1,0.9,0.20000000000000007,0.7999999999999999,0.4,0.6000000000000001,0.9,0.9,0.1,0.8500000000000001,0.85,0.1,0.5,0.6000000000000001,0.9,0.9,0.1
64,0.8999999999999999,0.8500000000000001,0.15000000000000002,0.5,0.7,0.9,0.9,0.1,0.8,0.8500000000000001,0.15000000000000002,0.5,0.7,0.9,0.9,0.1,0.9,0.9,0.1,0.5,0.6000000000000001,0.9,0.9,0.1,0.5,0.5,0.6,0.6,0.4,0.9,0.9,0.1,0.6000000000000001,0.6,0.30000000000000004,0.7000000000000001,0.5,0.9,0.9,0.1,0.5,0.9,0.1,0.6,0.5,0.9,0.9,0.1,0.9,0.2,0.8,0.4,0.6000000000000001,0.9,0.9,0.1,0.8500000000000001,0.85,0.1,0.5,0.6000000000000001,0.9,0.9,0.1
65,0.8999999999999999,0.8500000000000001,0.15000000000000002,0.5,0.7,0.9,0.9,0.1,0.8,0.8500000000000001,0.15000000000000002,0.5,0.7,0.9,0.9,0.1,0.9,0.9,0.1,0.5,0.6000000000000001,0.9,0.9,0.1,0.5,0.5,0.6,0.6,0.4,0.9,0.9,0.1,0.6000000000000001,0.6,0.30000000000000004,0.7000000000000001,0.5,0.9,0.9,0.1,0.5,0.9,0.1,0.6,0.5,0.9,0.9,0.1,0.9,0.2,0.8,0.4,0.6000000000000001,0.9,0.9,0.1,0.8500000000000001,0.85,0.1,0.5,0.6000000000000001,0.9,0.9,0.1
66,0.8999999999999999,0.8500000000000001,0.15000000000000002,0.5,0.7,0.9,0.9,0.1,0.8,0.8500000000000001,0.15000000000000002,0.5,0.7,0.9,0.9,0.1,0.9,0.9,0.1,0.5,0.6000000000000001,0.9,0.9,0.1,0.5,0.5,0.6,0.6,0.4,0.9,0.9,0.1,0.6000000000000001,0.6,0.30000000000000004,0.7000000000000001,0.5,0.9,0.9,0.1,0.5,0.9,0.1,0.6,0.5,0.9,0.9,0.1,0.9,0.2,0.8,0.4,0.6000000000000001,0.9,0.9,0.1,0.8500000000000001,0.85,0.1,0.5,0.6000000000000001,0.9,0.9,0.1
67,0.8999999999999999,0.8500000000000001,0.15000000000000002,0.5,0.7,0.9,0.9,0.1,0.8,0.8500000000000001,0.15000000000000002,0.5,0.7,0.9,0.9,0.1,0.9,0.9,0.1,0.5,0.6000000000000001,0.9,0.9,0.1,0.5,0.5,0.6,0.6,0.4,0.9,0.9,0.1,0.6000000000000001,0.6,0.30000000000000004,0.7000000000000001,0.5,0.9,0.9,0.1,0.5,0.9,0.1,0.6,0.5,0.9,0.9,0.1,0.9,0.2,0.8,0.4,0.6000000000000001,0.9,0.9,0.1,0.8500000000000001,0.85,0.1,0.5,0.6000000000000001,0.9,0.9,0.1
68,0.8999999999999999,0.8500000000000001,0.15000000000000002,0.5,0.7,0.9,0.9,0.1,0.8,0.8500000000000001,0.15000000000000002,0.5,0.7,0.9,0.9,0.1,0.9,0.9,0.1,0.5,0.6000000000000001,0.9,0.9,0.1,0.5,0.5,0.6,0.6,0.4,0.9,0.9,0.1,0.6000000000000001,0.6,0.30000000000000004,0.7000000000000001,0.5,0.9,0.9,0.1,0.5,0.9,0.1,0.6,0.5,0.9,0.9,0.1,0.9,0.2,0.8,0.4,0.6000000000000001,0.9,0.9,0.1,0.8500000000000001,0.85,0.1,0.5,0.6000000000000001,0.9,0.9,0.1
69,0.8999999999999999,0.8500000000000001,0.15000000000000002,0.5,0.7,0.9,0.9,0.1,0.8,0.8500000000000001,0.15000000000000002,0.5,0.7,0.9,0.9,0.1,0.9,0.9,0.1,0.5,0.6000000000000001,0.9,0.9,0.1,0.5,0.5,0.6,0.6,0.4,0.9,0.9,0.1,0.6000000000000001,0.6,0.30000000000000004,0.7000000000000001,0.5,0.9,0.9,0.1,0.5,0.9,0.1,0.6,0.5,0.9,0.9,0.1,0.9,0.2,0.8,0.4,0.6000000000000001,0.9,0.9,0.1,0.8500000000000001,0.85,0.1,0.5,0.6000000000000001,0.9,0.9,0.1
70,0.8999999999999999,0.8500000000000001,0.15000000000000002,0.5,0.7,0.9,0.9,0.1,0.8,0.8500000000000001,0.15000000000000002,0.5,0.7,0.9,0.9,0.1,0.9,0.9,0.1,0.5,0.6000000000000001,0.9,0.9,0.1,0.5,0.5,0.6,0.6,0.4,0.9,0.9,0.1,0.6000000000000001,0.6,0.30000000000000004,0.7000000000000001,0.5,0.9,0.9,0.1,0.5,0.9,0.1,0.6,0.5,0.9,0.9,0.1,0.9,0.2,0.8,0.4,0.6000000000000001,0.9,0.9,0.1,0.8500000000000001,0.85,0.1,0.5,0.6000000000000001,0.9,0.9,0.1
71,0.8999999999999999,0.8500000000000001,0.15000000000000002,0.5,0.7,0.9,0.9,0.1,0.8,0.8500000000000001,0.15000000000000002,0.5,0.7,0.9,0.9,0.1,0.9,0.9,0.1,0.5,0.6000000000000001,0.9,0.9,0.1,0.5,0.5,0.6,0.6,0.4,0.9,0.9,0.1,0.6000000000000001,0.6,0.30000000000000004,0.7000000000000001,0.5,0.9,0.9,0.1,0.5,0.9,0.1,0.6,0.5,0.9,0.9,0.1,0.9,0.2,0.8,0.4,0.6000000000000001,0.9,0.9,0.1,0.8500000000000001,0.85,0.1,0.5,0.6000000000000001,0.9,0.9,0.1
72,0.8999999999999999,0.8500000000000001,0.15000000000000002,0.5,0.7,0.9,0.9,0.1,0.8,0.8500000000000001,0.15000000000000002,0.5,0.7,0.9,0.9,0.1,0.9,0.9,0.1,0.5,0.6000000000000001,0.9,0.9,0.1,0.5,0.5,0.6,0.6,0.4,0.9,0.9,0.1,0.6000000000000001,0.6,0.30000000000000004,0.7000000000000001,0.5,0.9,0.9,0.1,0.5,0.9,0.1,0.6,0.5,0.9,0.9,0.1,0.9,0.2,0.8,0.4,0.6000000000000001,0.9,0.9,0.1,0.8500000000000001,0.85,0.1,0.5,0.6000000000000001,0.9,0.9,0.1
73,0.8999999999999999,0.8500000000000001,0.15000000000000002,0.5,0.7,0.9,0.9,0.1,0.8,0.8500000000000001,0.15000000000000002,0.5,0.7,0.9,0.9,0.1,0.9,0.9,0.1,0.5,0.6000000000000001,0.9,0.9,0.1,0.5,0.5,0.6,0.6,0.4,0.9,0.9,0.1,0.6000000000000001,0.6,0.30000000000000004,0.7000000000000001,0.5,0.9,0.9,0.1,0.5,0.9,0.1,0.6,0.5,0.9,0.9,0.1,0.9,0.2,0.8,0.4,0.6000000000000001,0.9,0.9,0.1,0.8500000000000001,0.85,0.1,0.5,0.6000000000000001,0.9,0.9,0.1
74,0.8999999999999999,0.8500000000000001,0.15000000000000002,0.5,0.7,0.9,0.9,0.1,0.8,0.8500000000000001,0.15000000000000002,0.5,0.7,0.9,0.9,0.1,0.9,0.9,0.1,0.5,0.6000000000000001,0.9,0.9,0.1,0.5,0.5,0.6,0.6,0.4,0.9,0.9,0.1,0.6000000000000001,0.6,0.30000000000000004,0.7000000000000001,0.5,0.9,0.9,0.1,0.5,0.9,0.1,0.6,0.5,0.9,0.9,0.1,0.9,0.2,0.8,0.4,0.6000000000000001,0.9,0.9,0.1,0.8500000000000001,0.85,0.1,0.5,0.6000000000000001,0.9,0.9,0.1
75,0.8999999999999999,0.8500000000000001,0.15000000000000002,0.5,0.7,0.9,0.9,0.1,0.8,0.8500000000000001,0.15000000000000002,0.5,0.7,0.9,0.9,0.1,0.9,0.9,0.1,0.5,0.6000000000000001,0.9,0.9,0.1,0.5,0.5,0.6,0.6,0.4,0.9,0.9,0.1,0.6000000000000001,0.6,0.30000000000000004,0.7000000000000001,0.5,0.9,0.9,0.1,0.5,0.9,0.1,0.6,0.5,0.9,0.9,0.1,0.9,0.2,0.8,0.4,0.6000000000000001,0.9,0.9,0.1,0.8500000000000001,0.85,0.1,0.5,0.6000000000000001,0.9,0.9,0.1
76,0.8999999999999999,0.8500000000000001,0.15000000000000002,0.5,0.7,0.9,0.9,0.1,0.8,0.8500000000000001,0.15000000000000002,0.5,0.7,0.9,0.9,0.1,0.9,0.9,0.1,0.5,0.6000000000000001,0.9,0.9,0.1,0.5,0.5,0.6,0.6,0.4,0.9,0.9,0.1,0.6000000000000001,0.6,0.30000000000000004,0.7000000000000001,0.5,0.9,0.9,0.1,0.5,0.9,0.1,0.6,0.5,0.9,0.9,0.1,0.9,0.2,0.8,0.4,0.6000000000000001,0.9,0.9,0.1,0.8500000000000001,0.85,0.1,0.5,0.6000000000000001,0.9,0.9,0.1
77,0.8999999999999999,0.8500000000000001,0.15000000000000002,0.5,0.7,0.9,0.9,0.1,0.8,0.8500000000000001,0.15000000000000002,0.5,0.7,0.9,0.9,0.1,0.9,0.9,0.1,0.5,0.6000000000000001,0.9,0.9,0.1,0.5,0.5,0.6,0.6,0.4,0.9,0.9,0.1,0.6000000000000001,0.6,0.30000000000000004,0.7000000000000001,0.5,0.9,0.9,0.1,0.5,0.9,0.1,0.6,0.5,0.9,0.9,0.1,0.9,0.2,0.8,0.4,0.6000000000000001,0.9,0.9,0.1,0.8500000000000001,0.85,0.1,0.5,0.6000000000000001,0.9,0.9,0.1
78,0.8999999999999999,0.8500000000000001,0.15000000000000002,0.5,0.7,0.9,0.9,0.1,0.8,0.8500000000000001,0.15000000000000002,0.5,0.7,0.9,0.9,0.1,0.9,0.9,0.1,0.5,0.6000000000000001,0.9,0.9,0.1,0.5,0.5,0.6,0.6,0.4,0.9,0.9,0.1,0.6000000000000001,0.6,0.30000000000000004,0.7000000000000001,0.5,0.9,0.9,0.1,0.5,0.9,0.1,0.6,0.5,0.9,0.9,0.1,0.9,0.2,0.8,0.4,0.6000000000000001,0.9,0.9,0.1,0.8500000000000001,0.85,0.1,0.5,0.6000000000000001,0.9,0.9,0.1
79,0.8999999999999999,0.8500000000000001,0.15000000000000002,0.5,0.7,0.9,0.9,0.1,0.8,0.8500000000000001,0.15000000000000002,0.5,0.7,0.9,0.9,0.1,0.9,0.9,0.1,0.5,0.6000000000000001,0.9,0.9,0.1,0.5,0.5,0.6,0.6,0.4,0.9,0.9,0.1,0.6000000000000001,0.6,0.30000000000000004,0.7000000000000001,0.5,0.9,0.9,0.1,0.5,0.9,0.1,0.6,0.5,0.9,0.9,0.1,0.9,0.2,0.8,0.4,0.6000000000000001,0.9,0.9,0.1,0.8500000000000001,0.85,0.1,0.5,0.6000000000000001,0.9,0.9,0.1
80,0.8999999999999999,0.8500000000000001,0.15000000000000002,0.5,0.7,0.9,0.9,0.1,0.8,0.8500000000000001,0.15000000000000002,0.5,0.7,0.9,0.9,0.1,0.9,0.9,0.1,0.5,0.6000000000000001,0.9,0.9,0.1,0.5,0.5,0.6,0.6,0.4,0.9,0.9,0.1,0.6000000000000001,0.6,0.30000000000000004,0.7000000000000001,0.5,0.9,0.9,0.1,0.5,0.9,0.1,0.6,0.5,0.9,0.9,0.1,0.9,0.2,0.8,0.4,0.6000000000000001,0.9,0.9,0.1,0.8500000000000001,0.85,0.1,0.5,0.6000000000000001,0.9,0.9,0.1
81,0.8999999999999999,0.8500000000000001,0.15000000000000002,0.5,0.7,0.9,0.9,0.1,0.8,0.8500000000000001,0.15000000000000002,0.5,0.7,0.9,0.9,0.1,0.9,0.9,0.1,0.5,0.6000000000000001,0.9,0.9,0.1,0.5,0.5,0.6,0.6,0.4,0.9,0.9,0.1,0.6000000000000001,0.6,0.30000000000000004,0.7000000000000001,0.5,0.9,0.9,0.1,0.5,0.9,0.1,0.6,0.5,0.9,0.9,0.1,0.9,0.2,0.8,0.4,0.6000000000000001,0.9,0.9,0.1,0.8500000000000001,0.85,0.1,0.5,0.6000000000000001,0.9,0.9,0.1
82,0.8999999999999999,0.8500000000000001,0.15000000000000002,0.5,0.7,0.9,0.9,0.1,0.8,0.8500000000000001,0.15000000000000002,0.5,0.7,0.9,0.9,0.1,0.9,0.9,0.1,0.5,0.6000000000000001,0.9,0.9,0.1,0.5,0.5,0.6,0.6,0.4,0.9,0.9,0.1,0.6000000000000001,0.6,0.30000000000000004,0.7000000000000001,0.5,0.9,0.9,0.1,0.5,0.9,0.1,0.6,0.5,0.9,0.9,0.1,0.9,0.2,0.8,0.4,0.6000000000000001,0.9,0.9,0.1,0.8500000000000001,0.85,0.1,0.5,0.6000000000000001,0.9,0.9,0.1
83,0.8999999999999999,0.8500000000000001,0.15000000000000002,0.5,0.7,0.9,0.9,0.1,0.8,0.8500000000000001,0.15000000000000002,0.5,0.7,0.9,0.9,0.1,0.9,0.9,0.1,0.5,0.6000000000000001,0.9,0.9,0.1,0.5,0.5,0.6,0.6,0.4,0.9,0.9,0.1,0.6000000000000001,0.6,0.30000000000000004,0.7000000000000001,0.5,0.9,0.9,0.1,0.5,0.9,0.1,0.6,0.5,0.9,0.9,0.1,0.9,0.2,0.8,0.4,0.6000000000000001,0.9,0.9,0.1,0.8500000000000001,0.85,0.1,0.5,0.6000000000000001,0.9,0.9,0.1
84,0.8999999999999999,0.8500000000000001,0.15000000000000002,0.5,0.7,0.9,0.9,0.1,0.8,0.8500000000000001,0.15000000000000002,0.5,0.7,0.9,0.9,0.1,0.9,0.9,0.1,0.5,0.6000000000000001,0.9,0.9,0.1,0.5,0.5,0.6,0.6,0.4,0.9,0.9,0.1,0.6000000000000001,0.6,0.30000000000000004,0.7000000000000001,0.5,0.9,0.9,0.1,0.5,0.9,0.1,0.6,0.5,0.9,0.9,0.1,0.9,0.2,0.8,0.4,0.6000000000000001,0.9,0.9,0.1,0.8500000000000001,0.85,0.1,0.5,0.6000000000000001,0.9,0.9,0.1
85,0.8999999999999999,0.8500000000000001,0.15000000000000002,0.5,0.7,0.9,0.9,0.1,0.8,0.8500000000000001,0.15000000000000002,0.5,0.7,0.9,0.9,0.1,0.9,0.9,0.1,0.5,0.6000000000000001,0.9,0.9,0.1,0.5,0.5,0.6,0.6,0.4,0.9,0.9,0.1,0.6000000000000001,0.6,0.30000000000000004,0.7000000000000001,0.5,0.9,0.9,0.1,0.5,0.9,0.1,0.6,0.5,0.9,0.9,0.1,0.9,0.2,0.8,0.4,0.6000000000000001,0.9,0.9,0.1,0.8500000000000001,0.85,0.1,0.5,0.6000000000000001,0.9,0.9,0.1
86,0.8999999999999999,0.8500000000000001,0.15000000000000002,0.5,0.7,0.9,0.9,0.1,0.8,0.8500000000000001,0.15000000000000002,0.5,0.7,0.9,0.9,0.1,0.9,0.9,0.1,0.5,0.6000000000000001,0.9,0.9,0.1,0.5,0.5,0.6,0.6,0.4,0.9,0.9,0.1,0.6000000000000001,0.6,0.30000000000000004,0.7000000000000001,0.5,0.9,0.9,0.1,0.5,0.9,0.1,0.6,0.5,0.9,0.9,0.1,0.9,0.2,0.8,0.4,0.6000000000000001,0.9,0.9,0.1,0.8500000000000001,0.85,0.1,0.5,0.6000000000000001,0.9,0.9,0.1
87,0.8999999999999999,0.8500000000000001,0.15000000000000002,0.5,0.7,0.9,0.9,0.1,0.8,0.8500000000000001,0.15000000000000002,0.5,0.7,0.9,0.9,0.1,0.9,0.9,0.1,0.5,0.6000000000000001,0.9,0.9,0.1,0.5,0.5,0.6,0.6,0.4,0.9,0.9,0.1,0.6000000000000001,0.6,0.30000000000000004,0.7000000000000001,0.5,0.9,0.9,0.1,0.5,0.9,0.1,0.6,0.5,0.9,0.9,0.1,0.9,0.2,0.8,0.4,0.6000000000000001,0.9,0.9,0.1,0.8500000000000001,0.85,0.1,0.5,0.6000000000000001,0.9,0.9,0.1
88,0.8999999999999999,0.8500000000000001,0.15000000000000002,0.5,0.7,0.9,0.9,0.1,0.8,0.8500000000000001,0.15000000000000002,0.5,0.7,0.9,0.9,0.1,0.9,0.9,0.1,0.5,0.6000000000000001,0.9,0.9,0.1,0.5,0.5,0.6,0.6,0.4,0.9,0.9,0.1,0.6000000000000001,0.6,0.30000000000000004,0.7000000000000001,0.5,0.9,0.9,0.1,0.5,0.9,0.1,0.6,0.5,0.9,0.9,0.1,0.9,0.2,0.8,0.4,0.6000000000000001,0.9,0.9,0.1,0.8500000000000001,0.85,0.1,0.5,0.6000000000000001,0.9,0.9,0.1
89,0.8999999999999999,0.8500000000000001,0.15000000000000002,0.5,0.7,0.9,0.9,0.1,0.8,0.8500000000000001,0.15000000000000002,0.5,0.7,0.9,0.9,0.1,0.9,0.9,0.1,0.5,0.6000000000000001,0.9,0.9,0.1,0.5,0.5,0.6,0.6,0.4,0.9,0.9,0.1,0.6000000000000001,0.6,0.30000000000000004,0.7000000000000001,0.5,0.9,0.9,0.1,0.5,0.9,0.1,0.6,0.5,0.9,0.9,0.1,0.9,0.2,0.8,0.4,0.6000000000000001,0.9,0.9,0.1,0.8500000000000001,0.85,0.1,0.5,0.6000000000000001,0.9,0.9,0.1
90,0.8999999999999999,0.8500000000000001,0.15000000000000002,0.6,0.7,0.9,0.9,0.1,0.8,0.8500000000000001,0.15000000000000002,0.6,0.7,0.9,0.9,0.1,0.9,0.9,0.1,0.6,0.6000000000000001,0.9,0.9,0.1,0.5,0.6,0.5,0.7,0.4,0.9,0.9,0.1,0.6000000000000001,0.7,0.20000000000000004,0.8,0.5,0.9,0.9,0.1,0.5,0.9,0.1,0.7,0.5,0.9,0.9,0.1,0.9,0.25000000000000006,0.75,0.5,0.6000000000000001,0.9,0.9,0.1,0.8500000000000001,0.9,0.1,0.6,0.6000000000000001,0.9,0.9,0.1
91,0.8999999999999999,0.8500000000000001,0.15000000000000002,0.6,0.7,0.9,0.9,0.1,0.8,0.8500000000000001,0.15000000000000002,0.6,0.7,0.9,0.9,0.1,0.9,0.9,0.1,0.6,0.6000000000000001,0.9,0.9,0.1,0.5,0.6,0.5,0.7,0.4,0.9,0.9,0.1,0.6000000000000001,0.7,0.20000000000000004,0.8,0.5,0.9,0.9,0.1,0.5,0.9,0.1,0.7,0.5,0.9,0.9,0.1,0.9,0.20000000000000007,0.7999999999999999,0.5,0.6000000000000001,0.9,0.9,0.1,0.8500000000000001,0.9,0.1,0.6,0.6000000000000001,0.9,0.9,0.1
92,0.8999999999999999,0.8500000000000001,0.15000000000000002,0.6,0.7,0.9,0.9,0.1,0.8,0.8500000000000001,0.15000000000000002,0.6,0.7,0.9,0.9,0.1,0.9,0.9,0.1,0.6,0.6000000000000001,0.9,0.9,0.1,0.5,0.6,0.5,0.7,0.4,0.9,0.9,0.1,0.6000000000000001,0.7,0.20000000000000004,0.8,0.5,0.9,0.9,0.1,0.5,0.9,0.1,0.7,0.5,0.9,0.9,0.1,0.9,0.2,0.8,0.5,0.6000000000000001,0.9,0.9,0.1,0.8500000000000001,0.9,0.1,0.6,0.6000000000000001,0.9,0.9,0.1
93,0.8999999999999999,0.8500000000000001,0.15000000000000002,0.6,0.7,0.9,0.9,0.1,0.8,0.8500000000000001,0.15000000000000002,0.6,0.7,0.9,0.9,0.1,0.9,0.9,0.1,0.6,0.6000000000000001,0.9,0.9,0.1,0.5,0.6,0.5,0.7,0.4,0.9,0.9,0.1,0.6000000000000001,0.7,0.20000000000000004,0.8,0.5,0.9,0.9,0.1,0.5,0.9,0.1,0.7,0.5,0.9,0.9,0.1,0.9,0.2,0.8,0.5,0.6000000000000001,0.9,0.9,0.1,0.8500000000000001,0.9,0.1,0.6,0.6000000000000001,0.9,0.9,0.1
94,0.8999999999999999,0.8500000000000001,0.15000000000000002,0.6,0.7,0.9,0.9,0.1,0.8,0.8500000000000001,0.15000000000000002,0.6,0.7,0.9,0.9,0.1,0.9,0.9,0.1,0.6,0.6000000000000001,0.9,0.9,0.1,0.5,0.6,0.5,0.7,0.4,0.9,0.9,0.1,0.6000000000000001,0.7,0.20000000000000004,0.8,0.5,0.9,0.9,0.1,0.5,0.9,0.1,0.7,0.5,0.9,0.9,0.1,0.9,0.2,0.8,0.5,0.6000000000000001,0.9,0.9,0.1,0.8500000000000001,0.9,0.1,0.6,0.6000000000000001,0.9,0.9,0.1
95,0.8999999999999999,0.8500000000000001,0.15000000000000002,0.6,0.7,0.9,0.9,0.1,0.8,0.8500000000000001,0.15000000000000002,0.6,0.7,0.9,0.9,0.1,0.9,0.9,0.1,0.6,0.6000000000000001,0.9,0.9,0.1,0.5,0.6,0.5,0.7,0.4,0.9,0.9,0.1,0.6000000000000001,0.7,0.20000000000000004,0.8,0.5,0.9,0.9,0.1,0.5,0.9,0.1,0.7,0.5,0.9,0.9,0.1,0.9,0.2,0.8,0.5,0.6000000000000001,0.9,0.9,0.1,0.8500000000000001,0.9,0.1,0.6,0.6000000000000001,0.9,0.9,0.1
96,0.8999999999999999,0.8500000000000001,0.15000000000000002,0.6,0.7,0.9,0.9,0.1,0.8,0.8500000000000001,0.15000000000000002,0.6,0.7,0.9,0.9,0.1,0.9,0.9,0.1,0.6,0.6000000000000001,0.9,0.9,0.1,0.5,0.6,0.5,0.7,0.4,0.9,0.9,0.1,0.6000000000000001,0.7,0.20000000000000004,0.8,0.5,0.9,0.9,0.1,0.5,0.9,0.1,0.7,0.5,0.9,0.9,0.1,0.9,0.2,0.8,0.5,0.6000000000000001,0.9,0.9,0.1,0.8500000000000001,0.9,0.1,0.6,0.6000000000000001,0.9,0.9,0.1
97,0.8999999999999999,0.8500000000000001,0.15000000000000002,0.6,0.7,0.9,0.9,0.1,0.8,0.8500000000000001,0.15000000000000002,0.6,0.7,0.9,0.9,0.1,0.9,0.9,0.1,0.6,0.6000000000000001,0.9,0.9,0.1,0.5,0.6,0.5,0.7,0.4,0.9,0.9,0.1,0.6000000000000001,0.7,0.20000000000000004,0.8,0.5,0.9,0.9,0.1,0.5,0.9,0.1,0.7,0.5,0.9,0.9,0.1,0.9,0.2,0.8,0.5,0.6000000000000001,0.9,0.9,0.1,0.8500000000000001,0.9,0.1,0.6,0.6000000000000001,0.9,0.9,0.1
98,0.8999999999999999,0.8500000000000001,0.15000000000000002,0.6,0.7,0.9,0.9,0.1,0.8,0.8500000000000001,0.15000000000000002,0.6,0.7,0.9,0.9,0.1,0.9,0.9,0.1,0.6,0.6000000000000001,0.9,0.9,0.1,0.5,0.6,0.5,0.7,0.4,0.9,0.9,0.1,0.6000000000000001,0.7,0.20000000000000004,0.8,0.5,0.9,0.9,0.1,0.5,0.9,0.1,0.7,0.5,0.9,0.9,0.1,0.9,0.2,0.8,0.5,0.6000000000000001,0.9,0.9,0.1,0.8500000000000001,0.9,0.1,0.6,0.6000000000000001,0.9,0.9,0.1
99,0.8999999999999999,0.8500000000000001,0.15000000000000002,0.6,0.7,0.9,0.9,0.1,0.8,0.8500000000000001,0.15000000000000002,0.6,0.7,0.9,0.9,0.1,0.9,0.9,0.1,0.6,0.6000000000000001,0.9,0.9,0.1,0.5,0.6,0.5,0.7,0.4,0.9,0.9,0.1,0.6000000000000001,0.7,0.20000000000000004,0.8,0.5,0.9,0.9,0.1,0.5,0.9,0.1,0.7,0.5,0.9,0.9,0.1,0.9,0.2,0.8,0.5,0.6000000000000001,0.9,0.9,0.1,0.8500000000000001,0.9,0.1,0.6,0.6000000000000001,0.9,0.9,0.1
100,0.8999999999999999,0.8500000000000001,0.15000000000000002,0.6,0.7,0.9,0.9,0.1,0.8,0.8500000000000001,0.15000000000000002,0.6,0.7,0.9,0.9,0.1,0.9,0.9,0.1,0.6,0.6000000000000001,0.9,0.9,0.1,0.5,0.6,0.5,0.7,0.4,0.9,0.9,0.1,0.6000000000000001,0.7,0.20000000000000004,0.8,0.5,0.9,0.9,0.1,0.5,0.9,0.1,0.7,0.5,0.9,0.9,0.1,0.9,0.2,0.8,0.5,0.6000000000000001,0.9,0.9,0.1,0.8500000000000001,0.9,0.1,0.6,0.6000000000000001,0.9,0.9,0.1
101,0.8999999999999999,0.8500000000000001,0.15000000000000002,0.6,0.7,0.9,0.9,0.1,0.8,0.8500000000000001,0.15000000000000002,0.6,0.7,0.9,0.9,0.1,0.9,0.9,0.1,0.6,0.6000000000000001,0.9,0.9,0.1,0.5,0.6,0.5,0.7,0.4,0.9,0.9,0.1,0.6000000000000001,0.7,0.20000000000000004,0.8,0.5,0.9,0.9,0.1,0.5,0.9,0.1,0.7,0.5,0.9,0.9,0.1,0.9,0.2,0.8,0.5,0.6000000000000001,0.9,0.9,0.1,0.8500000000000001,0.9,0.1,0.6,0.6000000000000001,0.9,0.9,0.1
102,0.8999999999999999,0.8500000000000001,0.15000000000000002,0.6,0.7,0.9,0.9,0.1,0.8,0.8500000000000001,0.15000000000000002,0.6,0.7,0.9,0.9,0.1,0.9,0.9,0.1,0.6,0.6000000000000001,0.9,0.9,0.1,0.5,0.6,0.5,0.7,0.4,0.9,0.9,0.1,0.6000000000000001,0.7,0.20000000000000004,0.8,0.5,0.9,0.9,0.1,0.5,0.9,0.1,0.7,0.5,0.9,0.9,0.1,0.9,0.2,0.8,0.5,0.6000000000000001,0.9,0.9,0.1,0.8500000000000001,0.9,0.1,0.6,0.6000000000000001,0.9,0.9,0.1
103,0.8999999999999999,0.8500000000000001,0.15000000000000002,0.6,0.7,0.9,0.9,0.1,0.8,0.8500000000000001,0.15000000000000002,0.6,0.7,0.9,0.9,0.1,0.9,0.9,0.1,0.6,0.6000000000000001,0.9,0.9,0.1,0.5,0.6,0.5,0.7,0.4,0.9,0.9,0.1,0.6000000000000001,0.7,0.20000000000000004,0.8,0.5,0.9,0.9,0.1,0.5,0.9,0.1,0.7,0.5,0.9,0.9,0.1,0.9,0.2,0.8,0.5,0.6000000000000001,0.9,0.9,0.1,0.8500000000000001,0.9,0.1,0.6,0.6000000000000001,0.9,0.9,0.1
104,0.8999999999999999,0.8500000000000001,0.15000000000000002,0.6,0.7,0.9,0.9,0.1,0.8,0.8500000000000001,0.15000000000000002,0.6,0.7,0.9,0.9,0.1,0.9,0.9,0.1,0.6,0.6000000000000001,0.9,0.9,0.1,0.5,0.6,0.5,0.7,0.4,0.9,0.9,0.1,0.6000000000000001,0.7,0.20000000000000004,0.8,0.5,0.9,0.9,0.1,0.5,0.9,0.1,0.7,0.5,0.9,0.9,0.1,0.9,0.2,0.8,0.5,0.6000000000000001,0.9,0.9,0.1,0.8500000000000001,0.9,0.1,0.6,0.6000000000000001,0.9,0.9,0.1
105,0.8999999999999999,0.8500000000000001,0.15000000000000002,0.6,0.7,0.9,0.9,0.1,0.8,0.8500000000000001,0.15000000000000002,0.6,0.7,0.9,0.9,0.1,0.9,0.9,0.1,0.6,0.6000000000000001,0.9,0.9,0.1,0.5,0.6,0.5,0.7,0.4,0.9,0.9,0.1,0.6000000000000001,0.7,0.20000000000000004,0.8,0.5,0.9,0.9,0.1,0.5,0.9,0.1,0.7,0.5,0.9,0.9,0.1,0.9,0.2,0.8,0.5,0.6000000000000001,0.9,0.9,0.1,0.8500000000000001,0.9,0.1,0.6,0.6000000000000001,0.9,0.9,0.1
106,0.8999999999999999,0.8500000000000001,0.15000000000000002,0.6,0.7,0.9,0.9,0.1,0.8,0.8500000000000001,0.15000000000000002,0.6,0.7,0.9,0.9,0.1,0.9,0.9,0.1,0.6,0.6000000000000001,0.9,0.9,0.1,0.5,0.6,0.5,0.7,0.4,0.9,0.9,0.1,0.6000000000000001,0.7,0.20000000000000004,0.8,0.5,0.9,0.9,0.1,0.5,0.9,0.1,0.7,0.5,0.9,0.9,0.1,0.9,0.2,0.8,0.5,0.6000000000000001,0.9,0.9,0.1,0.8500000000000001,0.9,0.1,0.6,0.6000000000000001,0.9,0.9,0.1
107,0.8999999999999999,0.8500000000000001,0.15000000000000002,0.6,0.7,0.9,0.9,0.1,0.8,0.8500000000000001,0.15000000000000002,0.6,0.7,0.9,0.9,0.1,0.9,0.9,0.1,0.6,0.6000000000000001,0.9,0.9,0.1,0.5,0.6,0.5,0.7,0.4,0.9,0.9,0.1,0.6000000000000001,0.7,0.20000000000000004,0.8,0.5,0.9,0.9,0.1,0.5,0.9,0.1,0.7,0.5,0.9,0.9,0.1,0.9,0.2,0.8,0.5,0.6000000000000001,0.9,0.9,0.1,0.8500000000000001,0.9,0.1,0.6,0.6000000000000001,0.9,0.9,0.1
108,0.8999999999999999,0.8500000000000001,0.15000000000000002,0.6,0.7,0.9,0.9,0.1,0.8,0.8500000000000001,0.15000000000000002,0.6,0.7,0.9,0.9,0.1,0.9,0.9,0.1,0.6,0.6000000000000001,0.9,0.9,0.1,0.5,0.6,0.5,0.7,0.4,0.9,0.9,0.1,0.6000000000000001,0.7,0.20000000000000004,0.8,0.5,0.9,0.9,0.1,0.5,0.9,0.1,0.7,0.5,0.9,0.9,0.1,0.9,0.2,0.8,0.5,0.6000000000000001,0.9,0.9,0.1,0.8500000000000001,0.9,0.1,0.6,0.6000000000000001,0.9,0.9,0.1
109,0.8999999999999999,0.8500000000000001,0.15000000000000002,0.6,0.7,0.9,0.9,0.1,0.8,0.8500000000000001,0.15000000000000002,0.6,0.7,0.9,0.9,0.1,0.9,0.9,0.1,0.6,0.6000000000000001,0.9,0.9,0.1,0.5,0.6,0.5,0.7,0.4,0.9,0.9,0.1,0.6000000000000001,0.7,0.20000000000000004,0.8,0.5,0.9,0.9,0.1,0.5,0.9,0.1,0.7,0.5,0.9,0.9,0.1,0.9,0.2,0.8,0.5,0.6000000000000001,0.9,0.9,0.1,0.8500000000000001,0.9,0.1,0.6,0.6000000000000001,0.9,0.9,0.1
110,0.8999999999999999,0.8500000000000001,0.15000000000000002,0.6,0.7,0.9,0.9,0.1,0.8,0.8500000000000001,0.15000000000000002,0.6,0.7,0.9,0.9,0.1,0.9,0.9,0.1,0.6,0.6000000000000001,0.9,0.9,0.1,0.5,0.6,0.5,0.7,0.4,0.9,0.9,0.1,0.6000000000000001,0.7,0.20000000000000004,0.8,0.5,0.9,0.9,0.1,0.5,0.9,0.1,0.7,0.5,0.9,0.9,0.1,0.9,0.2,0.8,0.5,0.6000000000000001,0.9,0.9,0.1,0.8500000000000001,0.9,0.1,0.6,0.6000000000000001,0.9,0.9,0.1
111,0.8999999999999999,0.8500000000000001,0.15000000000000002,0.6,0.7,0.9,0.9,0.1,0.8,0.8500000000000001,0.15000000000000002,0.6,0.7,0.9,0.9,0.1,0.9,0.9,0.1,0.6,0.6000000000000001,0.9,0.9,0.1,0.5,0.6,0.5,0.7,0.4,0.9,0.9,0.1,0.6000000000000001,0.7,0.20000000000000004,0.8,0.5,0.9,0.9,0.1,0.5,0.9,0.1,0.7,0.5,0.9,0.9,0.1,0.9,0.2,0.8,0.5,0.6000000000000001,0.9,0.9,0.1,0.8500000000000001,0.9,0.1,0.6,0.6000000000000001,0.9,0.9,0.1
112,0.8999999999999999,0.8500000000000001,0.15000000000000002,0.6,0.7,0.9,0.9,0.1,0.8,0.8500000000000001,0.15000000000000002,0.6,0.7,0.9,0.9,0.1,0.9,0.9,0.1,0.6,0.6000000000000001,0.9,0.9,0.1,0.5,0.6,0.5,0.7,0.4,0.9,0.9,0.1,0.6000000000000001,0.7,0.20000000000000004,0.8,0.5,0.9,0.9,0.1,0.5,0.9,0.1,0.7,0.5,0.9,0.9,0.1,0.9,0.2,0.8,0.5,0.6000000000000001,0.9,0.9,0.1,0.8500000000000001,0.9,0.1,0.6,0.6000000000000001,0.9,0.9,0.1
113,0.8999999999999999,0.8500000000000001,0.15000000000000002,0.6,0.7,0.9,0.9,0.1,0.8,0.8500000000000001,0.15000000000000002,0.6,0.7,0.9,0.9,0.1,0.9,0.9,0.1,0.6,0.6000000000000001,0.9,0.9,0.1,0.5,0.6,0.5,0.7,0.4,0.9,0.9,0.1,0.6000000000000001,0.7,0.20000000000000004,0.8,0.5,0.9,0.9,0.1,0.5,0.9,0.1,0.7,0.5,0.9,0.9,0.1,0.9,0.2,0.8,0.5,0.6000000000000001,0.9,0.9,0.1,0.8500000000000001,0.9,0.1,0.6,0.6000000000000001,0.9,0.9,0.1
114,0.8999999999999999,0.8500000000000001,0.15000000000000002,0.6,0.7,0.9,0.9,0.1,0.8,0.8500000000000001,0.15000000000000002,0.6,0.7,0.9,0.9,0.1,0.9,0.9,0.1,0.6,0.6000000000000001,0.9,0.9,0.1,0.5,0.6,0.5,0.7,0.4,0.9,0.9,0.1,0.6000000000000001,0.7,0.20000000000000004,0.8,0.5,0.9,0.9,0.1,0.5,0.9,0.1,0.7,0.5,0.9,0.9,0.1,0.9,0.2,0.8,0.5,0.6000000000000001,0.9,0.9,0.1,0.8500000000000001,0.9,0.1,0.6,0.6000000000000001,0.9,0.9,0.1
115,0.8999999999999999,0.8500000000000001,0.15000000000000002,0.6,0.7,0.9,0.9,0.1,0.8,0.8500000000000001,0.15000000000000002,0.6,0.7,0.9,0.9,0.1,0.9,0.9,0.1,0.6,0.6000000000000001,0.9,0.9,0.1,0.5,0.6,0.5,0.7,0.4,0.9,0.9,0.1,0.6000000000000001,0.7,0.20000000000000004,0.8,0.5,0.9,0.9,0.1,0.5,0.9,0.1,0.7,0.5,0.9,0.9,0.1,0.9,0.2,0.8,0.5,0.6000000000000001,0.9,0.9,0.1,0.8500000000000001,0.9,0.1,0.6,0.6000000000000001,0.9,0.9,0.1
116,0.8999999999999999,0.8500000000000001,0.15000000000000002,0.6,0.7,0.9,0.9,0.1,0.8,0.8500000000000001,0.15000000000000002,0.6,0.7,0.9,0.9,0.1,0.9,0.9,0.1,0.6,0.6000000000000001,0.9,0.9,0.1,0.5,0.6,0.5,0.7,0.4,0.9,0.9,0.1,0.6000000000000001,0.7,0.20000000000000004,0.8,0.5,0.9,0.9,0.1,0.5,0.9,0.1,0.7,0.5,0.9,0.9,0.1,0.9,0.2,0.8,0.5,0.6000000000000001,0.9,0.9,0.1,0.8500000000000001,0.9,0.1,0.6,0.6000000000000001,0.9,0.9,0.1
117,0.8999999999999999,0.8500000000000001,0.15000000000000002,0.7,0.7,0.9,0.9,0.1,0.8,0.8500000000000001,0.15000000000000002,0.7,0.7,0.9,0.9,0.1,0.9,0.9,0.1,0.7,0.6000000000000001,0.9,0.9,0.1,0.5,0.7,0.4,0.7999999999999999,0.4,0.9,0.9,0.1,0.6000000000000001,0.7999999999999999,0.10000000000000003,0.9,0.5,0.9,0.9,0.1,0.5,0.9,0.1,0.7999999999999999,0.5,0.9,0.9,0.1,0.9,0.25000000000000006,0.75,0.6,0.6000000000000001,0.9,0.9,0.1,0.8500000000000001,0.9,0.1,0.7,0.6000000000000001,0.9,0.9,0.1
118,0.8999999999999999,0.8500000000000001,0.15000000000000002,0.7,0.7,0.9,0.9,0.1,0.8,0.8500000000000001,0.15000000000000002,0.7,0.7,0.9,0.9,0.1,0.9,0.9,0.1,0.7,0.6000000000000001,0.9,0.9,0.1,0.5,0.7,0.4,0.7999999999999999,0.4,0.9,0.9,0.1,0.6000000000000001,0.7999999999999999,0.10000000000000003,0.9,0.5,0.9,0.9,0.1,0.5,0.9,0.1,0.7999999999999999,0.5,0.9,0.9,0.1,0.9,0.20000000000000007,0.7999999999999999,0.6,0.6000000000000001,0.9,0.9,0.1,0.8500000000000001,0.9,0.1,0.7,0.6000000000000001,0.9,0.9,0.1
119,0.8999999999999999,0.8500000000000001,0.15000000000000002,0.7,0.7,0.9,0.9,0.1,0.8,0.8500000000000001,0.15000000000000002,0.7,0.7,0.9,0.9,0.1,0.9,0.9,0.1,0.7,0.6000000000000001,0.9,0.9,0.1,0.5,0.7,0.4,0.7999999999999999,0.4,0.9,0.9,0.1,0.6000000000000001,0.7999999999999999,0.10000000000000003,0.9,0.5,0.9,0.9,0.1,0.5,0.9,0.1,0.7999999999999999,0.5,0.9,0.9,0.1,0.9,0.2,0.8,0.6,0.6000000000000001,0.9,0.9,0.1,0.8500000000000001,0.9,0.1,0.7,0.6000000000000001,0.9,0.9,0.1
120,0.9,0.8500000000000001,0.15000000000000002,0.49999999999999994,0.8999999999999999,0.9,0.9,0.1,0.9,0.8500000000000001,0.15000000000000002,0.49999999999999994,0.8999999999999999,0.9,0.9,0.1,0.9,0.9,0.1,0.49999999999999994,0.8,0.9,0.9,0.1,0.7,0.7,0.4,0.5999999999999999,0.6000000000000001,0.9,0.9,0.1,0.8,0.7999999999999999,0.10000000000000003,0.7,0.7,0.9,0.9,0.1,0.7,0.9,0.1,0.5999999999999999,0.7,0.9,0.9,0.1,0.9,0.2,0.8,0.39999999999999997,0.8,0.9,0.9,0.1,0.9,0.9,0.1,0.49999999999999994,0.8,0.9,0.9,0.1
121,0.9,0.8500000000000001,0.15000000000000002,0.49999999999999994,0.8999999999999999,0.9,0.9,0.1,0.9,0.8500000000000001,0.15000000000000002,0.49999999999999994,0.8999999999999999,0.9,0.9,0.1,0.9,0.9,0.1,0.49999999999999994,0.8,0.9,0.9,0.1,0.7,0.7,0.4,0.5999999999999999,0.6000000000000001,0.9,0.9,0.1,0.8,0.7999999999999999,0.10000000000000003,0.7,0.7,0.9,0.9,0.1,0.7,0.9,0.1,0.5999999999999999,0.7,0.9,0.9,0.1,0.9,0.2,0.8,0.39999999999999997,0.8,0.9,0.9,0.1,0.9,0.9,0.1,0.49999999999999994,0.8,0.9,0.9,0.1
122,0.9,0.8500000000000001,0.15000000000000002,0.49999999999999994,0.8999999999999999,0.9,0.9,0.1,0.9,0.8500000000000001,0.15000000000000002,0.49999999999999994,0.8999999999999999,0.9,0.9,0.1,0.9,0.9,0.1,0.49999999999999994,0.8,0.9,0.9,0.1,0.7,0.7,0.4,0.5999999999999999,0.6000000000000001,0.9,0.9,0.1,0.8,0.7999999999999999,0.10000000000000003,0.7,0.7,0.9,0.9,0.1,0.7,0.9,0.1,0.5999999999999999,0.7,0.9,0.9,0.1,0.9,0.2,0.8,0.39999999999999997,0.8,0.9,0.9,0.1,0.9,0.9,0.1,0.49999999999999994,0.8,0.9,0.9,0.1
123,0.9,0.8500000000000001,0.15000000000000002,0.49999999999999994,0.8999999999999999,0.9,0.9,0.1,0.9,0.8500000000000001,0.15000000000000002,0.49999999999999994,0.8999999999999999,0.9,0.9,0.1,0.9,0.9,0.1,0.49999999999999994,0.8,0.9,0.9,0.1,0.7,0.7,0.4,0.5999999999999999,0.6000000000000001,0.9,0.9,0.1,0.8,0.7999999999999999,0.10000000000000003,0.7,0.7,0.9,0.9,0.1,0.7,0.9,0.1,0.5999999999999999,0.7,0.9,0.9,0.1,0.9,0.2,0.8,0.39999999999999997,0.8,0.9,0.9,0.1,0.9,0.9,0.1,0.49999999999999994,0.8,0.9,0.9,0.1
124,0.9,0.8500000000000001,0.15000000000000002,0.49999999999999994,0.8999999999999999,0.9,0.9,0.1,0.9,0.8500000000000001,0.15000000000000002,0.49999999999999994,0.8999999999999999,0.9,0.9,0.1,0.9,0.9,0.1,0.49999999999999994,0.8,0.9,0.9,0.1,0.7,0.7,0.4,0.5999999999999999,0.6000000000000001,0.9,0.9,0.1,0.8,0.7999999999999999,0.10000000000000003,0.7,0.7,0.9,0.9,0.1,0.7,0.9,0.1,0.5999999999999999,0.7,0.9,0.9,0.1,0.9,0.2,0.8,0.39999999999999997,0.8,0.9,0.9,0.1,0.9,0.9,0.1,0.49999999999999994,0.8,0.9,0.9,0.1
125,0.9,0.8500000000000001,0.15000000000000002,0.49999999999999994,0.8999999999999999,0.9,0.9,0.1,0.9,0.8500000000000001,0.15000000000000002,0.49999999999999994,0.8999999999999999,0.9,0.9,0.1,0.9,0.9,0.1,0.49999999999999994,0.8,0.9,0.9,0.1,0.7,0.7,0.4,0.5999999999999999,0.6000000000000001,0.9,0.9,0.1,0.8,0.7999999999999999,0.10000000000000003,0.7,0.7,0.9,0.9,0.1,0.7,0.9,0.1,0.5999999999999999,0.7,0.9,0.9,0.1,0.9,0.2,0.8,0.39999999999999997,0.8,0.9,0.9,0.1,0.9,0.9,0.1,0.49999999999999994,0.8,0.9,0.9,0.1
126,0.9,0.8500000000000001,0.15000000000000002,0.49999999999999994,0.8999999999999999,0.9,0.9,0.1,0.9,0.8500000000000001,0.15000000000000002,0.49999999999999994,0.8999999999999999,0.9,0.9,0.1,0.9,0.9,0.1,0.49999999999999994,0.8,0.9,0.9,0.1,0.7,0.7,0.4,0.5999999999999999,0.6000000000000001,0.9,0.9,0.1,0.8,0.7999999999999999,0.10000000000000003,0.7,0.7,0.9,0.9,0.1,0.7,0.9,0.1,0.5999999999999999,0.7,0.9,0.9,0.1,0.9,0.2,0.8,0.39999999999999997,0.8,0.9,0.9,0.1,0.9,0.9,0.1,0.49999999999999994,0.8,0.9,0.9,0.1
127,0.9,0.8500000000000001,0.15000000000000002,0.49999999999999994,0.8999999999999999,0.9,0.9,0.1,0.9,0.8500000000000001,0.15000000000000002,0.49999999999999994,0.8999999999999999,0.9,0.9,0.1,0.9,0.9,0.1,0.49999999999999994,0.8,0.9,0.9,0.1,0.7,0.7,0.4,0.5999999999999999,0.6000000000000001,0.9,0.9,0.1,0.8,0.7999999999999999,0.10000000000000003,0.7,0.7,0.9,0.9,0.1,0.7,0.9,0.1,0.5999999999999999,0.7,0.9,0.9,0.1,0.9,0.2,0.8,0.39999999999999997,0.8,0.9,0.9,0.1,0.9,0.9,0.1,0.49999999999999994,0.8,0.9,0.9,0.1
128,0.9,0.8500000000000001,0.15000000000000002,0.49999999999999994,0.8999999999999999,0.9,0.9,0.1,0.9,0.8500000000000001,0.15000000000000002,0.49999999999999994,0.8999999999999999,0.9,0.9,0.1,0.9,0.9,0.1,0.49999999999999994,0.8,0.9,0.9,0.1,0.7,0.7,0.4,0.5999999999999999,0.6000000000000001,0.9,0.9,0.1,0.8,0.7999999999999999,0.10000000000000003,0.7,0.7,0.9,0.9,0.1,0.7,0.9,0.1,0.5999999999999999,0.7,0.9,0.9,0.1,0.9,0.2,0.8,0.39999999999999997,0.8,0.9,0.9,0.1,0.9,0.9,0.1,0.49999999999999994,0.8,0.9,0.9,0.1
129,0.9,0.8500000000000001,0.15000000000000002,0.49999999999999994,0.8999999999999999,0.9,0.9,0.1,0.9,0.8500000000000001,0.15000000000000002,0.49999999999999994,0.8999999999999999,0.9,0.9,0.1,0.9,0.9,0.1,0.49999999999999994,0.8,0.9,0.9,0.1,0.7,0.7,0.4,0.5999999999999999,0.6000000000000001,0.9,0.9,0.1,0.8,0.7999999999999999,0.10000000000000003,0.7,0.7,0.9,0.9,0.1,0.7,0.9,0.1,0.5999999999999999,0.7,0.9,0.9,0.1,0.9,0.2,0.8,0.39999999999999997,0.8,0.9,0.9,0.1,0.9,0.9,0.1,0.49999999999999994,0.8,0.9,0.9,0.1
130,0.9,0.8500000000000001,0.15000000000000002,0.49999999999999994,0.8999999999999999,0.9,0.9,0.1,0.9,0.8500000000000001,0.15000000000000002,0.49999999999999994,0.8999999999999999,0.9,0.9,0.1,0.9,0.9,0.1,0.49999999999999994,0.8,0.9,0.9,0.1,0.7,0.7,0.4,0.5999999999999999,0.6000000000000001,0.9,0.9,0.1,0.8,0.7999999999999999,0.10000000000000003,0.7,0.7,0.9,0.9,0.1,0.7,0.9,0.1,0.5999999999999999,0.7,0.9,0.9,0.1,0.9,0.2,0.8,0.39999999999999997,0.8,0.9,0.9,0.1,0.9,0.9,0.1,0.49999999999999994,0.8,0.9,0.9,0.1
131,0.9,0.8500000000000001,0.15000000000000002,0.49999999999999994,0.8999999999999999,0.9,0.9,0.1,0.9,0.8500000000000001,0.15000000000000002,0.49999999999999994,0.8999999999999999,0.9,0.9,0.1,0.9,0.9,0.1,0.49999999999999994,0.8,0.9,0.9,0.1,0.7,0.7,0.4,0.5999999999999999,0.6000000000000001,0.9,0.9,0.1,0.8,0.7999999999999999,0.10000000000000003,0.7,0.7,0.9,0.9,0.1,0.7,0.9,0.1,0.5999999999999999,0.7,0.9,0.9,0.1,0.9,0.2,0.8,0.39999999999999997,0.8,0.9,0.9,0.1,0.9,0.9,0.1,0.49999999999999994,0.8,0.9,0.9,0.1
132,0.9,0.8500000000000001,0.15000000000000002,0.49999999999999994,0.8999999999999999,0.9,0.9,0.1,0.9,0.8500000000000001,0.15000000000000002,0.49999999999999994,0.8999999999999999,0.9,0.9,0.1,0.9,0.9,0.1,0.49999999999999994,0.8,0.9,0.9,0.1,0.7,0.7,0.4,0.5999999999999999,0.6000000000000001,0.9,0.9,0.1,0.8,0.7999999999999999,0.10000000000000003,0.7,0.7,0.9,0.9,0.1,0.7,0.9,0.1,0.5999999999999999,0.7,0.9,0.9,0.1,0.9,0.2,0.8,0.39999999999999997,0.8,0.9,0.9,0.1,0.9,0.9,0.1,0.49999999999999994,0.8,0.9,0.9,0.1
133,0.9,0.8500000000000001,0.15000000000000002,0.49999999999999994,0.8999999999999999,0.9,0.9,0.1,0.9,0.8500000000000001,0.15000000000000002,0.49999999999999994,0.8999999999999999,0.9,0.9,0.1,0.9,0.9,0.1,0.49999999999999994,0.8,0.9,0.9,0.1,0.7,0.7,0.4,0.5999999999999999,0.6000000000000001,0.9,0.9,0.1,0.8,0.7999999999999999,0.10000000000000003,0.7,0.7,0.9,0.9,0.1,0.7,0.9,0.1,0.5999999999999999,0.7,0.9,0.9,0.1,0.9,0.2,0.8,0.39999999999999997,0.8,0.9,0.9,0.1,0.9,0.9,0.1,0.49999999999999994,0.8,0.9,0.9,0.1
134,0.9,0.8500000000000001,0.15000000000000002,0.49999999999999994,0.8999999999999999,0.9,0.9,0.1,0.9,0.8500000000000001,0.15000000000000002,0.49999999999999994,0.8999999999999999,0.9,0.9,0.1,0.9,0.9,0.1,0.49999999999999994,0.8,0.9,0.9,0.1,0.7,0.7,0.4,0.5999999999999999,0.6000000000000001,0.9,0.9,0.1,0.8,0.7999999999999999,0.10000000000000003,0.7,0.7,0.9,0.9,0.1,0.7,0.9,0.1,0.5999999999999999,0.7,0.9,0.9,0.1,0.9,0.2,0.8,0.39999999999999997,0.8,0.9,0.9,0.1,0.9,0.9,0.1,0.49999999999999994,0.8,0.9,0.9,0.1
135,0.9,0.8500000000000001,0.15000000000000002,0.49999999999999994,0.8999999999999999,0.9,0.9,0.1,0.9,0.8500000000000001,0.15000000000000002,0.49999999999999994,0.8999999999999999,0.9,0.9,0.1,0.9,0.9,0.1,0.49999999999999994,0.8,0.9,0.9,0.1,0.7,0.7,0.4,0.5999999999999999,0.6000000000000001,0.9,0.9,0.1,0.8,0.7999999999999999,0.10000000000000003,0.7,0.7,0.9,0.9,0.1,0.7,0.9,0.1,0.5999999999999999,0.7,0.9,0.9,0.1,0.9,0.2,0.8,0.39999999999999997,0.8,0.9,0.9,0.1,0.9,0.9,0.1,0.49999999999999994,0.8,0.9,0.9,0.1
136,0.9,0.8500000000000001,0.15000000000000002,0.49999999999999994,0.8999999999999999,0.9,0.9,0.1,0.9,0.8500000000000001,0.15000000000000002,0.49999999999999994,0.8999999999999999,0.9,0.9,0.1,0.9,0.9,0.1,0.49999999999999994,0.8,0.9,0.9,0.1,0.7,0.7,0.4,0.5999999999999999,0.6000000000000001,0.9,0.9,0.1,0.8,0.7999999999999999,0.10000000000000003,0.7,0.7,0.9,0.9,0.1,0.7,0.9,0.1,0.5999999999999999,0.7,0.9,0.9,0.1,0.9,0.2,0.8,0.39999999999999997,0.8,0.9,0.9,0.1,0.9,0.9,0.1,0.49999999999999994,0.8,0.9,0.9,0.1
137,0.9,0.8500000000000001,0.15000000000000002,0.49999999999999994,0.8999999999999999,0.9,0.9,0.1,0.9,0.8500000000000001,0.15000000000000002,0.49999999999999994,0.8999999999999999,0.9,0.9,0.1,0.9,0.9,0.1,0.49999999999999994,0.8,0.9,0.9,0.1,0.7,0.7,0.4,0.5999999999999999,0.6000000000000001,0.9,0.9,0.1,0.8,0.7999999999999999,0.10000000000000003,0.7,0.7,0.9,0.9,0.1,0.7,0.9,0.1,0.5999999999999999,0.7,0.9,0.9,0.1,0.9,0.2,0.8,0.39999999999999997,0.8,0.9,0.9,0.1,0.9,0.9,0.1,0.49999999999999994,0.8,0.9,0.9,0.1
138,0.9,0.8500000000000001,0.15000000000000002,0.49999999999999994,0.8999999999999999,0.9,0.9,0.1,0.9,0.8500000000000001,0.15000000000000002,0.49999999999999994,0.8999999999999999,0.9,0.9,0.1,0.9,0.9,0.1,0.49999999999999994,0.8,0.9,0.9,0.1,0.7,0.7,0.4,0.5999999999999999,0.6000000000000001,0.9,0.9,0.1,0.8,0.7999999999999999,0.10000000000000003,0.7,0.7,0.9,0.9,0.1,0.7,0.9,0.1,0.5999999999999999,0.7,0.9,0.9,0.1,0.9,0.2,0.8,0.39999999999999997,0.8,0.9,0.9,0.1,0.9,0.9,0.1,0.49999999999999994,0.8,0.9,0.9,0.1
139,0.9,0.8500000000000001,0.15000000000000002,0.49999999999999994,0.8999999999999999,0.9,0.9,0.1,0.9,0.8500000000000001,0.15000000000000002,0.49999999999999994,0.8999999999999999,0.9,0.9,0.1,0.9,0.9,0.1,0.49999999999999994,0.8,0.9,0.9,0.1,0.7,0.7,0.4,0.5999999999999999,0.6000000000000001,0.9,0.9,0.1,0.8,0.7999999999999999,0.10000000000000003,0.7,0.7,0.9,0.9,0.1,0.7,0.9,0.1,0.5999999999999999,0.7,0.9,0.9,0.1,0.9,0.2,0.8,0.39999999999999997,0.8,0.9,0.9,0.1,0.9,0.9,0.1,0.49999999999999994,0.8,0.9,0.9,0.1
140,0.9,0.8500000000000001,0.15000000000000002,0.49999999999999994,0.8999999999999999,0.9,0.9,0.1,0.9,0.8500000000000001,0.15000000000000002,0.49999999999999994,0.8999999999999999,0.9,0.9,0.1,0.9,0.9,0.1,0.49999999999999994,0.8,0.9,0.9,0.1,0.7,0.7,0.4,0.5999999999999999,0.6000000000000001,0.9,0.9,0.1,0.8,0.7999999999999999,0.10000000000000003,0.7,0.7,0.9,0.9,0.1,0.7,0.9,0.1,0.5999999999999999,0.7,0.9,0.9,0.1,0.9,0.2,0.8,0.39999999999999997,0.8,0.9,0.9,0.1,0.9,0.9,0.1,0.49999999999999994,0.8,0.9,0.9,0.1
141,0.9,0.8500000000000001,0.15000000000000002,0.49999999999999994,0.8999999999999999,0.9,0.9,0.1,0.9,0.8500000000000001,0.15000000000000002,0.49999999999999994,0.8999999999999999,0.9,0.9,0.1,0.9,0.9,0.1,0.49999999999999994,0.8,0.9,0.9,0.1,0.7,0.7,0.4,0.5999999999999999,0.6000000000000001,0.9,0.9,0.1,0.8,0.7999999999999999,0.10000000000000003,0.7,0.7,0.9,0.9,0.1,0.7,0.9,0.1,0.5999999999999999,0.7,0.9,0.9,0.1,0.9,0.2,0.8,0.39999999999999997,0.8,0.9,0.9,0.1,0.9,0.9,0.1,0.49999999999999994,0.8,0.9,0.9,0.1
142,0.9,0.8500000000000001,0.15000000000000002,0.49999999999999994,0.8999999999999999,0.9,0.9,0.1,0.9,0.8500000000000001,0.15000000000000002,0.49999999999999994,0.8999999999999999,0.9,0.9,0.1,0.9,0.9,0.1,0.49999999999999994,0.8,0.9,0.9,0.1,0.7,0.7,0.4,0.5999999999999999,0.6000000000000001,0.9,0.9,0.1,0.8,0.7999999999999999,0.10000000000000003,0.7,0.7,0.9,0.9,0.1,0.7,0.9,0.1,0.5999999999999999,0.7,0.9,0.9,0.1,0.9,0.2,0.8,0.39999999999999997,0.8,0.9,0.9,0.1,0.9,0.9,0.1,0.49999999999999994,0.8,0.9,0.9,0.1
143,0.9,0.8500000000000001,0.15000000000000002,0.49999999999999994,0.8999999999999999,0.9,0.9,0.1,0.9,0.8500000000000001,0.15000000000000002,0.49999999999999994,0.8999999999999999,0.9,0.9,0.1,0.9,0.9,0.1,0.49999999999999994,0.8,0.9,0.9,0.1,0.7,0.7,0.4,0.5999999999999999,0.6000000000000001,0.9,0.9,0.1,0.8,0.7999999999999999,0.10000000000000003,0.7,0.7,0.9,0.9,0.1,0.7,0.9,0.1,0.5999999999999999,0.7,0.9,0.9,0.1,0.9,0.2,0.8,0.39999999999999997,0.8,0.9,0.9,0.1,0.9,0.9,0.1,0.49999999999999994,0.8,0.9,0.9,0.1
144,0.9,0.8500000000000001,0.15000000000000002,0.49999999999999994,0.8999999999999999,0.9,0.9,0.1,0.9,0.8500000000000001,0.15000000000000002,0.49999999999999994,0.8999999999999999,0.9,0.9,0.1,0.9,0.9,0.1,0.49999999999999994,0.8,0.9,0.9,0.1,0.7,0.7,0.4,0.5999999999999999,0.6000000000000001,0.9,0.9,0.1,0.8,0.7999999999999999,0.10000000000000003,0.7,0.7,0.9,0.9,0.1,0.7,0.9,0.1,0.5999999999999999,0.7,0.9,0.9,0.1,0.9,0.2,0.8,0.39999999999999997,0.8,0.9,0.9,0.1,0.9,0.9,0.1,0.49999999999999994,0.8,0.9,0.9,0.1
145,0.9,0.8500000000000001,0.15000000000000002,0.49999999999999994,0.8999999999999999,0.9,0.9,0.1,0.9,0.8500000000000001,0.15000000000000002,0.49999999999999994,0.8999999999999999,0.9,0.9,0.1,0.9,0.9,0.1,0.49999999999999994,0.8,0.9,0.9,0.1,0.7,0.7,0.4,0.5999999999999999,0.6000000000000001,0.9,0.9,0.1,0.8,0.7999999999999999,0.10000000000000003,0.7,0.7,0.9,0.9,0.1,0.7,0.9,0.1,0.5999999999999999,0.7,0.9,0.9,0.1,0.9,0.2,0.8,0.39999999999999997,0.8,0.9,0.9,0.1,0.9,0.9,0.1,0.49999999999999994,0.8,0.9,0.9,0.1
146,0.9,0.8500000000000001,0.15000000000000002,0.49999999999999994,0.8999999999999999,0.9,0.9,0.1,0.9,0.8500000000000001,0.15000000000000002,0.49999999999999994,0.8999999999999999,0.9,0.9,0.1,0.9,0.9,0.1,0.49999999999999994,0.8,0.9,0.9,0.1,0.7,0.7,0.4,0.5999999999999999,0.6000000000000001,0.9,0.9,0.1,0.8,0.7999999999999999,0.10000000000000003,0.7,0.7,0.9,0.9,0.1,0.7,0.9,0.1,0.5999999999999999,0.7,0.9,0.9,0.1,0.9,0.2,0.8,0.39999999999999997,0.8,0.9,0.9,0.1,0.9,0.9,0.1,0.49999999999999994,0.8,0.9,0.9,0.1
147,0.9,0.8500000000000001,0.15000000000000002,0.49999999999999994,0.8999999999999999,0.9,0.9,0.1,0.9,0.8500000000000001,0.15000000000000002,0.49999999999999994,0.8999999999999999,0.9,0.9,0.1,0.9,0.9,0.1,0.49999999999999994,0.8,0.9,0.9,0.1,0.7,0.7,0.4,0.5999999999999999,0.6000000000000001,0.9,0.9,0.1,0.8,0.7999999999999999,0.10000000000000003,0.7,0.7,0.9,0.9,0.1,0.7,0.9,0.1,0.5999999999999999,0.7,0.9,0.9,0.1,0.9,0.2,0.8,0.39999999999999997,0.8,0.9,0.9,0.1,0.9,0.9,0.1,0.49999999999999994,0.8,0.9,0.9,0.1
148,0.9,0.8500000000000001,0.15000000000000002,0.49999999999999994,0.8999999999999999,0.9,0.9,0.1,0.9,0.8500000000000001,0.15000000000000002,0.49999999999999994,0.8999999999999999,0.9,0.9,0.1,0.9,0.9,0.1,0.49999999999999994,0.8,0.9,0.9,0.1,0.7,0.7,0.4,0.5999999999999999,0.6000000000000001,0.9,0.9,0.1,0.8,0.7999999999999999,0.10000000000000003,0.7,0.7,0.9,0.9,0.1,0.7,0.9,0.1,0.5999999999999999,0.7,0.9,0.9,0.1,0.9,0.2,0.8,0.39999999999999997,0.8,0.9,0.9,0.1,0.9,0.9,0.1,0.49999999999999994,0.8,0.9,0.9,0.1
149,0.9,0.8500000000000001,0.15000000000000002,0.49999999999999994,0.8999999999999999,0.9,0.9,0.1,0.9,0.8500000000000001,0.15000000000000002,0.49999999999999994,0.8999999999999999,0.9,0.9,0.1,0.9,0.9,0.1,0.49999999999999994,0.8,0.9,0.9,0.1,0.7,0.7,0.4,0.5999999999999999,0.6000000000000001,0.9,0.9,0.1,0.8,0.7999999999999999,0.10000000000000003,0.7,0.7,0.9,0.9,0.1,0.7,0.9,0.1,0.5999999999999999,0.7,0.9,0.9,0.1,0.9,0.2,0.8,0.39999999999999997,0.8,0.9,0.9,0.1,0.9,0.9,0.1,0.49999999999999994,0.8,0.9,0.9,0.1
150,0.9,0.8500000000000001,0.15000000000000002,0.49999999999999994,0.8999999999999999,0.9,0.9,0.1,0.9,0.8500000000000001,0.15000000000000002,0.49999999999999994,0.8999999999999999,0.9,0.9,0.1,0.9,0.9,0.1,0.49999999999999994,0.8,0.9,0.9,0.1,0.7,0.7,0.4,0.5999999999999999,0.6000000000000001,0.9,0.9,0.1,0.8,0.7999999999999999,0.10000000000000003,0.7,0.7,0.9,0.9,0.1,0.7,0.9,0.1,0.5999999999999999,0.7,0.9,0.9,0.1,0.9,0.2,0.8,0.39999999999999997,0.8,0.9,0.9,0.1,0.9,0.9,0.1,0.49999999999999994,0.8,0.9,0.9,0.1
151,0.9,0.8500000000000001,0.15000000000000002,0.49999999999999994,0.8999999999999999,0.9,0.9,0.1,0.9,0.8500000000000001,0.15000000000000002,0.49999999999999994,0.8999999999999999,0.9,0.9,0.1,0.9,0.9,0.1,0.49999999999999994,0.8,0.9,0.9,0.1,0.7,0.7,0.4,0.5999999999999999,0.6000000000000001,0.9,0.9,0.1,0.8,0.7999999999999999,0.10000000000000003,0.7,0.7,0.9,0.9,0.1,0.7,0.9,0.1,0.5999999999999999,0.7,0.9,0.9,0.1,0.9,0.2,0.8,0.39999999999999997,0.8,0.9,0.9,0.1,0.9,0.9,0.1,0.49999999999999994,0.8,0.9,0.9,0.1
152,0.9,0.8500000000000001,0.15000000000000002,0.49999999999999994,0.8999999999999999,0.9,0.9,0.1,0.9,0.8500000000000001,0.15000000000000002,0.49999999999999994,0.8999999999999999,0.9,0.9,0.1,0.9,0.9,0.1,0.49999999999999994,0.8,0.9,0.9,0.1,0.7,0.7,0.4,0.5999999999999999,0.6000000000000001,0.9,0.9,0.1,0.8,0.7999999999999999,0.10000000000000003,0.7,0.7,0.9,0.9,0.1,0.7,0.9,0.1,0.5999999999999999,0.7,0.9,0.9,0.1,0.9,0.2,0.8,0.39999999999999997,0.8,0.9,0.9,0.1,0.9,0.9,0.1,0.49999999999999994,0.8,0.9,0.9,0.1
153,0.9,0.8500000000000001,0.15000000000000002,0.49999999999999994,0.8999999999999999,0.9,0.9,0.1,0.9,0.8500000000000001,0.15000000000000002,0.49999999999999994,0.8999999999999999,0.9,0.9,0.1,0.9,0.9,0.1,0.49999999999999994,0.8,0.9,0.9,0.1,0.7,0.7,0.4,0.5999999999999999,0.6000000000000001,0.9,0.9,0.1,0.8,0.7999999999999999,0.10000000000000003,0.7,0.7,0.9,0.9,0.1,0.7,0.9,0.1,0.5999999999999999,0.7,0.9,0.9,0.1,0.9,0.2,0.8,0.39999999999999997,0.8,0.9,0.9,0.1,0.9,0.9,0.1,0.49999999999999994,0.8,0.9,0.9,0.1
154,0.9,0.8500000000000001,0.15000000000000002,0.49999999999999994,0.8999999999999999,0.9,0.9,0.1,0.9,0.8500000000000001,0.15000000000000002,0.49999999999999994,0.8999999999999999,0.9,0.9,0.1,0.9,0.9,0.1,0.49999999999999994,0.8,0.9,0.9,0.1,0.7,0.7,0.4,0.5999999999999999,0.6000000000000001,0.9,0.9,0.1,0.8,0.7999999999999999,0.10000000000000003,0.7,0.7,0.9,0.9,0.1,0.7,0.9,0.1,0.5999999999999999,0.7,0.9,0.9,0.1,0.9,0.2,0.8,0.39999999999999997,0.8,0.9,0.9,0.1,0.9,0.9,0.1,0.49999999999999994,0.8,0.9,0.9,0.1
155,0.9,0.8500000000000001,0.15000000000000002,0.49999999999999994,0.8999999999999999,0.9,0.9,0.1,0.9,0.8500000000000001,0.15000000000000002,0.49999999999999994,0.8999999999999999,0.9,0.9,0.1,0.9,0.9,0.1,0.49999999999999994,0.8,0.9,0.9,0.1,0.7,0.7,0.4,0.5999999999999999,0.6000000000000001,0.9,0.9,0.1,0.8,0.7999999999999999,0.10000000000000003,0.7,0.7,0.9,0.9,0.1,0.7,0.9,0.1,0.5999999999999999,0.7,0.9,0.9,0.1,0.9,0.2,0.8,0.39999999999999997,0.8,0.9,0.9,0.1,0.9,0.9,0.1,0.49999999999999994,0.8,0.9,0.9,0.1
156,0.9,0.8500000000000001,0.15000000000000002,0.49999999999999994,0.8999999999999999,0.9,0.9,0.1,0.9,0.8500000000000001,0.15000000000000002,0.49999999999999994,0.8999999999999999,0.9,0.9,0.1,0.9,0.9,0.1,0.49999999999999994,0.8,0.9,0.9,0.1,0.7,0.7,0.4,0.5999999999999999,0.6000000000000001,0.9,0.9,0.1,0.8,0.7999999999999999,0.10000000000000003,0.7,0.7,0.9,0.9,0.1,0.7,0.9,0.1,0.5999999999999999,0.7,0.9,0.9,0.1,0.9,0.2,0.8,0.39999999999999997,0.8,0.9,0.9,0.1,0.9,0.9,0.1,0.49999999999999994,0.8,0.9,0.9,0.1
157,0.9,0.8500000000000001,0.15000000000000002,0.49999999999999994,0.8999999999999999,0.9,0.9,0.1,0.9,0.8500000000000001,0.15000000000000002,0.49999999999999994,0.8999999999999999,0.9,0.9,0.1,0.9,0.9,0.1,0.49999999999999994,0.8,0.9,0.9,0.1,0.7,0.7,0.4,0.5999999999999999,0.6000000000000001,0.9,0.9,0.1,0.8,0.7999999999999999,0.10000000000000003,0.7,0.7,0.9,0.9,0.1,0.7,0.9,0.1,0.5999999999999999,0.7,0.9,0.9,0.1,0.9,0.2,0.8,0.39999999999999997,0.8,0.9,0.9,0.1,0.9,0.9,0.1,0.49999999999999994,0.8,0.9,0.9,0.1
158,0.9,0.8500000000000001,0.15000000000000002,0.49999999999999994,0.8999999999999999,0.9,0.9,0.1,0.9,0.8500000000000001,0.15000000000000002,0.49999999999999994,0.8999999999999999,0.9,0.9,0.1,0.9,0.9,0.1,0.49999999999999994,0.8,0.9,0.9,0.1,0.7,0.7,0.4,0.5999999999999999,0.6000000000000001,0.9,0.9,0.1,0.8,0.7999999999999999,0.10000000000000003,0.7,0.7,0.9,0.9,0.1,0.7,0.9,0.1,0.5999999999999999,0.7,0.9,0.9,0.1,0.9,0.2,0.8,0.39999999999999997,0.8,0.9,0.9,0.1,0.9,0.9,0.1,0.49999999999999994,0.8,0.9,0.9,0.1
159,0.9,0.8500000000000001,0.15000000000000002,0.49999999999999994,0.8999999999999999,0.9,0.9,0.1,0.9,0.8500000000000001,0.15000000000000002,0.49999999999999994,0.8999999999999999,0.9,0.9,0.1,0.9,0.9,0.1,0.49999999999999994,0.8,0.9,0.9,0.1,0.7,0.7,0.4,0.5999999999999999,0.6000000000000001,0.9,0.9,0.1,0.8,0.7999999999999999,0.10000000000000003,0.7,0.7,0.9,0.9,0.1,0.7,0.9,0.1,0.5999999999999999,0.7,0.9,0.9,0.1,0.9,0.2,0.8,0.39999999999999997,0.8,0.9,0.9,0.1,0.9,0.9,0.1,0.49999999999999994,0.8,0.9,0.9,0.1
160,0.9,0.8500000000000001,0.15000000000000002,0.49999999999999994,0.8999999999999999,0.9,0.9,0.1,0.9,0.8500000000000001,0.15000000000000002,0.49999999999999994,0.8999999999999999,0.9,0.9,0.1,0.9,0.9,0.1,0.49999999999999994,0.8,0.9,0.9,0.1,0.7,0.7,0.4,0.5999999999999999,0.6000000000000001,0.9,0.9,0.1,0.8,0.7999999999999999,0.10000000000000003,0.7,0.7,0.9,0.9,0.1,0.7,0.9,0.1,0.5999999999999999,0.7,0.9,0.9,0.1,0.9,0.2,0.8,0.39999999999999997,0.8,0.9,0.9,0.1,0.9,0.9,0.1,0.49999999999999994,0.8,0.9,0.9,0.1
161,0.9,0.8500000000000001,0.15000000000000002,0.49999999999999994,0.8999999999999999,0.9,0.9,0.1,0.9,0.8500000000000001,0.15000000000000002,0.49999999999999994,0.8999999999999999,0.9,0.9,0.1,0.9,0.9,0.1,0.49999999999999994,0.8,0.9,0.9,0.1,0.7,0.7,0.4,0.5999999999999999,0.6000000000000001,0.9,0.9,0.1,0.8,0.7999999999999999,0.10000000000000003,0.7,0.7,0.9,0.9,0.1,0.7,0.9,0.1,0.5999999999999999,0.7,0.9,0.9,0.1,0.9,0.2,0.8,0.39999999999999997,0.8,0.9,0.9,0.1,0.9,0.9,0.1,0.49999999999999994,0.8,0.9,0.9,0.1
162,0.9,0.8500000000000001,0.15000000000000002,0.49999999999999994,0.8999999999999999,0.9,0.9,0.1,0.9,0.8500000000000001,0.15000000000000002,0.49999999999999994,0.8999999999999999,0.9,0.9,0.1,0.9,0.9,0.1,0.49999999999999994,0.8,0.9,0.9,0.1,0.7,0.7,0.4,0.5999999999999999,0.6000000000000001,0.9,0.9,0.1,0.8,0.7999999999999999,0.10000000000000003,0.7,0.7,0.9,0.9,0.1,0.7,0.9,0.1,0.5999999999999999,0.7,0.9,0.9,0.1,0.9,0.2,0.8,0.39999999999999997,0.8,0.9,0.9,0.1,0.9,0.9,0.1,0.49999999999999994,0.8,0.9,0.9,0.1
163,0.9,0.8500000000000001,0.15000000000000002,0.49999999999999994,0.8999999999999999,0.9,0.9,0.1,0.9,0.8500000000000001,0.15000000000000002,0.49999999999999994,0.8999999999999999,0.9,0.9,0.1,0.9,0.9,0.1,0.49999999999999994,0.8,0.9,0.9,0.1,0.7,0.7,0.4,0.5999999999999999,0.6000000000000001,0.9,0.9,0.1,0.8,0.7999999999999999,0.10000000000000003,0.7,0.7,0.9,0.9,0.1,0.7,0.9,0.1,0.5999999999999999,0.7,0.9,0.9,0.1,0.9,0.2,0.8,0.39999999999999997,0.8,0.9,0.9,0.1,0.9,0.9,0.1,0.49999999999999994,0.8,0.9,0.9,0.1
164,0.9,0.8500000000000001,0.15000000000000002,0.49999999999999994,0.8999999999999999,0.9,0.9,0.1,0.9,0.8500000000000001,0.15000000000000002,0.49999999999999994,0.8999999999999999,0.9,0.9,0.1,0.9,0.9,0.1,0.49999999999999994,0.8,0.9,0.9,0.1,0.7,0.7,0.4,0.5999999999999999,0.6000000000000001,0.9,0.9,0.1,0.8,0.7999999999999999,0.10000000000000003,0.7,0.7,0.9,0.9,0.1,0.7,0.9,0.1,0.5999999999999999,0.7,0.9,0.9,0.1,0.9,0.2,0.8,0.39999999999999997,0.8,0.9,0.9,0.1,0.9,0.9,0.1,0.49999999999999994,0.8,0.9,0.9,0.1
165,0.9,0.8500000000000001,0.15000000000000002,0.49999999999999994,0.8999999999999999,0.9,0.9,0.1,0.9,0.8500000000000001,0.15000000000000002,0.49999999999999994,0.8999999999999999,0.9,0.9,0.1,0.9,0.9,0.1,0.49999999999999994,0.8,0.9,0.9,0.1,0.7,0.7,0.4,0.5999999999999999,0.6000000000000001,0.9,0.9,0.1,0.8,0.7999999999999999,0.10000000000000003,0.7,0.7,0.9,0.9,0.1,0.7,0.9,0.1,0.5999999999999999,0.7,0.9,0.9,0.1,0.9,0.2,0.8,0.39999999999999997,0.8,0.9,0.9,0.1,0.9,0.9,0.1,0.49999999999999994,0.8,0.9,0.9,0.1
166,0.9,0.8500000000000001,0.15000000000000002,0.49999999999999994,0.8999999999999999,0.9,0.9,0.1,0.9,0.8500000000000001,0.15000000000000002,0.49999999999999994,0.8999999999999999,0.9,0.9,0.1,0.9,0.9,0.1,0.49999999999999994,0.8,0.9,0.9,0.1,0.7,0.7,0.4,0.5999999999999999,0.6000000000000001,0.9,0.9,0.1,0.8,0.7999999999999999,0.10000000000000003,0.7,0.7,0.9,0.9,0.1,0.7,0.9,0.1,0.5999999999999999,0.7,0.9,0.9,0.1,0.9,0.2,0.8,0.39999999999999997,0.8,0.9,0.9,0.1,0.9,0.9,0.1,0.49999999999999994,0.8,0.9,0.9,0.1
167,0.9,0.8500000000000001,0.15000000000000002,0.6,0.8999999999999999,0.9,0.9,0.1,0.9,0.8500000000000001,0.15000000000000002,0.6,0.8999999999999999,0.9,0.9,0.1,0.9,0.9,0.1,0.6,0.8,0.9,0.9,0.1,0.7,0.7999999999999999,0.30000000000000004,0.6999999999999998,0.6000000000000001,0.9,0.9,0.1,0.8,0.8999999999999999,0.1,0.7999999999999999,0.7,0.9,0.9,0.1,0.7,0.9,0.1,0.6999999999999998,0.7,0.9,0.9,0.1,0.9,0.25000000000000006,0.75,0.5,0.8,0.9,0.9,0.1,0.9,0.9,0.1,0.6,0.8,0.9,0.9,0.1
168,0.9,0.8500000000000001,0.15000000000000002,0.6,0.8999999999999999,0.9,0.9,0.1,0.9,0.8500000000000001,0.15000000000000002,0.6,0.8999999999999999,0.9,0.9,0.1,0.9,0.9,0.1,0.6,0.8,0.9,0.9,0.1,0.7,0.7999999999999999,0.30000000000000004,0.6999999999999998,0.6000000000000001,0.9,0.9,0.1,0.8,0.8999999999999999,0.1,0.7999999999999999,0.7,0.9,0.9,0.1,0.7,0.9,0.1,0.6999999999999998,0.7,0.9,0.9,0.1,0.9,0.20000000000000007,0.7999999999999999,0.5,0.8,0.9,0.9,0.1,0.9,0.9,0.1,0.6,0.8,0.9,0.9,0.1
169,0.9,0.8500000000000001,0.15000000000000002,0.6,0.8999999999999999,0.9,0.9,0.1,0.9,0.8500000000000001,0.15000000000000002,0.6,0.8999999999999999,0.9,0.9,0.1,0.9,0.9,0.1,0.6,0.8,0.9,0.9,0.1,0.7,0.7999999999999999,0.30000000000000004,0.6999999999999998,0.6000000000000001,0.9,0.9,0.1,0.8,0.8999999999999999,0.1,0.7999999999999999,0.7,0.9,0.9,0.1,0.7,0.9,0.1,0.6999999999999998,0.7,0.9,0.9,0.1,0.9,0.2,0.8,0.5,0.8,0.9,0.9,0.1,0.9,0.9,0.1,0.6,0.8,0.9,0.9,0.1
170,0.9,0.8500000000000001,0.15000000000000002,0.6,0.8999999999999999,0.9,0.9,0.1,0.9,0.8500000000000001,0.15000000000000002,0.6,0.8999999999999999,0.9,0.9,0.1,0.9,0.9,0.1,0.6,0.8,0.9,0.9,0.1,0.7,0.7999999999999999,0.30000000000000004,0.6999999999999998,0.6000000000000001,0.9,0.9,0.1,0.8,0.8999999999999999,0.1,0.7999999999999999,0.7,0.9,0.9,0.1,0.7,0.9,0.1,0.6999999999999998,0.7,0.9,0.9,0.1,0.9,0.2,0.8,0.5,0.8,0.9,0.9,0.1,0.9,0.9,0.1,0.6,0.8,0.9,0.9,0.1
171,0.9,0.8500000000000001,0.15000000000000002,0.6,0.8999999999999999,0.9,0.9,0.1,0.9,0.8500000000000001,0.15000000000000002,0.6,0.8999999999999999,0.9,0.9,0.1,0.9,0.9,0.1,0.6,0.8,0.9,0.9,0.1,0.7,0.7999999999999999,0.30000000000000004,0.6999999999999998,0.6000000000000001,0.9,0.9,0.1,0.8,0.8999999999999999,0.1,0.7999999999999999,0.7,0.9,0.9,0.1,0.7,0.9,0.1,0.6999999999999998,0.7,0.9,0.9,0.1,0.9,0.2,0.8,0.5,0.8,0.9,0.9,0.1,0.9,0.9,0.1,0.6,0.8,0.9,0.9,0.1
172,0.9,0.8500000000000001,0.15000000000000002,0.6,0.8999999999999999,0.9,0.9,0.1,0.9,0.8500000000000001,0.15000000000000002,0.6,0.8999999999999999,0.9,0.9,0.1,0.9,0.9,0.1,0.6,0.8,0.9,0.9,0.1,0.7,0.7999999999999999,0.30000000000000004,0.6999999999999998,0.6000000000000001,0.9,0.9,0.1,0.8,0.8999999999999999,0.1,0.7999999999999999,0.7,0.9,0.9,0.1,0.7,0.9,0.1,0.6999999999999998,0.7,0.9,0.9,0.1,0.9,0.2,0.8,0.5,0.8,0.9,0.9,0.1,0.9,0.9,0.1,0.6,0.8,0.9,0.9,0.1
173,0.9,0.8500000000000001,0.15000000000000002,0.6,0.8999999999999999,0.9,0.9,0.1,0.9,0.8500000000000001,0.15000000000000002,0.6,0.8999999999999999,0.9,0.9,0.1,0.9,0.9,0.1,0.6,0.8,0.9,0.9,0.1,0.7,0.7999999999999999,0.30000000000000004,0.6999999999999998,0.6000000000000001,0.9,0.9,0.1,0.8,0.8999999999999999,0.1,0.7999999999999999,0.7,0.9,0.9,0.1,0.7,0.9,0.1,0.6999999999999998,0.7,0.9,0.9,0.1,0.9,0.2,0.8,0.5,0.8,0.9,0.9,0.1,0.9,0.9,0.1,0.6,0.8,0.9,0.9,0.1
174,0.9,0.8500000000000001,0.15000000000000002,0.6,0.8999999999999999,0.9,0.9,0.1,0.9,0.8500000000000001,0.15000000000000002,0.6,0.8999999999999999,0.9,0.9,0.1,0.9,0.9,0.1,0.6,0.8,0.9,0.9,0.1,0.7,0.7999999999999999,0.30000000000000004,0.6999999999999998,0.6000000000000001,0.9,0.9,0.1,0.8,0.8999999999999999,0.1,0.7999999999999999,0.7,0.9,0.9,0.1,0.7,0.9,0.1,0.6999999999999998,0.7,0.9,0.9,0.1,0.9,0.2,0.8,0.5,0.8,0.9,0.9,0.1,0.9,0.9,0.1,0.6,0.8,0.9,0.9,0.1
175,0.9,0.8500000000000001,0.15000000000000002,0.6,0.8999999999999999,0.9,0.9,0.1,0.9,0.8500000000000001,0.15000000000000002,0.6,0.8999999999999999,0.9,0.9,0.1,0.9,0.9,0.1,0.6,0.8,0.9,0.9,0.1,0.7,0.7999999999999999,0.30000000000000004,0.6999999999999998,0.6000000000000001,0.9,0.9,0.1,0.8,0.8999999999999999,0.1,0.7999999999999999,0.7,0.9,0.9,0.1,0.7,0.9,0.1,0.6999999999999998,0.7,0.9,0.9,0.1,0.9,0.2,0.8,0.5,0.8,0.9,0.9,0.1,0.9,0.9,0.1,0.6,0.8,0.9,0.9,0.1
176,0.9,0.8500000000000001,0.15000000000000002,0.6,0.8999999999999999,0.9,0.9,0.1,0.9,0.8500000000000001,0.15000000000000002,0.6,0.8999999999999999,0.9,0.9,0.1,0.9,0.9,0.1,0.6,0.8,0.9,0.9,0.1,0.7,0.7999999999999999,0.30000000000000004,0.6999999999999998,0.6000000000000001,0.9,0.9,0.1,0.8,0.8999999999999999,0.1,0.7999999999999999,0.7,0.9,0.9,0.1,0.7,0.9,0.1,0.6999999999999998,0.7,0.9,0.9,0.1,0.9,0.2,0.8,0.5,0.8,0.9,0.9,0.1,0.9,0.9,0.1,0.6,0.8,0.9,0.9,0.1
177,0.9,0.8500000000000001,0.15000000000000002,0.6,0.8999999999999999,0.9,0.9,0.1,0.9,0.8500000000000001,0.15000000000000002,0.6,0.8999999999999999,0.9,0.9,0.1,0.9,0.9,0.1,0.6,0.8,0.9,0.9,0.1,0.7,0.7999999999999999,0.30000000000000004,0.6999999999999998,0.6000000000000001,0.9,0.9,0.1,0.8,0.8999999999999999,0.1,0.7999999999999999,0.7,0.9,0.9,0.1,0.7,0.9,0.1,0.6999999999999998,0.7,0.9,0.9,0.1,0.9,0.2,0.8,0.5,0.8,0.9,0.9,0.1,0.9,0.9,0.1,0.6,0.8,0.9,0.9,0.1
178,0.9,0.8500000000000001,0.15000000000000002,0.6,0.8999999999999999,0.9,0.9,0.1,0.9,0.8500000000000001,0.15000000000000002,0.6,0.8999999999999999,0.9,0.9,0.1,0.9,0.9,0.1,0.6,0.8,0.9,0.9,0.1,0.7,0.7999999999999999,0.30000000000000004,0.6999999999999998,0.6000000000000001,0.9,0.9,0.1,0.8,0.8999999999999999,0.1,0.7999999999999999,0.7,0.9,0.9,0.1,0.7,0.9,0.1,0.6999999999999998,0.7,0.9,0.9,0.1,0.9,0.2,0.8,0.5,0.8,0.9,0.9,0.1,0.9,0.9,0.1,0.6,0.8,0.9,0.9,0.1
179,0.9,0.8500000000000001,0.15000000000000002,0.6,0.8999999999999999,0.9,0.9,0.1,0.9,0.8500000000000001,0.15000000000000002,0.6,0.8999999999999999,0.9,0.9,0.1,0.9,0.9,0.1,0.6,0.8,0.9,0.9,0.1,0.7,0.7999999999999999,0.30000000000000004,0.6999999999999998,0.6000000000000001,0.9,0.9,0.1,0.8,0.8999999999999999,0.1,0.7999999999999999,0.7,0.9,0.9,0.1,0.7,0.9,0.1,0.6999999999999998,0.7,0.9,0.9,0.1,0.9,0.2,0.8,0.5,0.8,0.9,0.9,0.1,0.9,0.9,0.1,0.6,0.8,0.9,0.9,0.1
180,0.9,0.8500000000000001,0.15000000000000002,0.6,0.8999999999999999,0.9,0.9,0.1,0.9,0.8500000000000001,0.15000000000000002,0.6,0.8999999999999999,0.9,0.9,0.1,0.9,0.9,0.1,0.6,0.8,0.9,0.9,0.1,0.7,0.7999999999999999,0.30000000000000004,0.6999999999999998,0.6000000000000001,0.9,0.9,0.1,0.8,0.8999999999999999,0.1,0.7999999999999999,0.7,0.9,0.9,0.1,0.7,0.9,0.1,0.6999999999999998,0.7,0.9,0.9,0.1,0.9,0.2,0.8,0.5,0.8,0.9,0.9,0.1,0.9,0.9,0.1,0.6,0.8,0.9,0.9,0.1
181,0.9,0.8500000000000001,0.15000000000000002,0.6,0.8999999999999999,0.9,0.9,0.1,0.9,0.8500000000000001,0.15000000000000002,0.6,0.8999999999999999,0.9,0.9,0.1,0.9,0.9,0.1,0.6,0.8,0.9,0.9,0.1,0.7,0.7999999999999999,0.30000000000000004,0.6999999999999998,0.6000000000000001,0.9,0.9,0.1,0.8,0.8999999999999999,0.1,0.7999999999999999,0.7,0.9,0.9,0.1,0.7,0.9,0.1,0.6999999999999998,0.7,0.9,0.9,0.1,0.9,0.2,0.8,0.5,0.8,0.9,0.9,0.1,0.9,0.9,0.1,0.6,0.8,0.9,0.9,0.1
182,0.9,0.8500000000000001,0.15000000000000002,0.6,0.8999999999999999,0.9,0.9,0.1,0.9,0.8500000000000001,0.15000000000000002,0.6,0.8999999999999999,0.9,0.9,0.1,0.9,0.9,0.1,0.6,0.8,0.9,0.9,0.1,0.7,0.7999999999999999,0.30000000000000004,0.6999999999999998,0.6000000000000001,0.9,0.9,0.1,0.8,0.8999999999999999,0.1,0.7999999999999999,0.7,0.9,0.9,0.1,0.7,0.9,0.1,0.6999999999999998,0.7,0.9,0.9,0.1,0.9,0.2,0.8,0.5,0.8,0.9,0.9,0.1,0.9,0.9,0.1,0.6,0.8,0.9,0.9,0.1
183,0.9,0.8500000000000001,0.15000000000000002,0.6,0.8999999999999999,0.9,0.9,0.1,0.9,0.8500000000000001,0.15000000000000002,0.6,0.8999999999999999,0.9,0.9,0.1,0.9,0.9,0.1,0.6,0.8,0.9,0.9,0.1,0.7,0.7999999999999999,0.30000000000000004,0.6999999999999998,0.6000000000000001,0.9,0.9,0.1,0.8,0.8999999999999999,0.1,0.7999999999999999,0.7,0.9,0.9,0.1,0.7,0.9,0.1,0.6999999999999998,0.7,0.9,0.9,0.1,0.9,0.2,0.8,0.5,0.8,0.9,0.9,0.1,0.9,0.9,0.1,0.6,0.8,0.9,0.9,0.1
184,0.9,0.8500000000000001,0.15000000000000002,0.6,0.8999999999999999,0.9,0.9,0.1,0.9,0.8500000000000001,0.15000000000000002,0.6,0.8999999999999999,0.9,0.9,0.1,0.9,0.9,0.1,0.6,0.8,0.9,0.9,0.1,0.7,0.7999999999999999,0.30000000000000004,0.6999999999999998,0.6000000000000001,0.9,0.9,0.1,0.8,0.8999999999999999,0.1,0.7999999999999999,0.7,0.9,0.9,0.1,0.7,0.9,0.1,0.6999999999999998,0.7,0.9,0.9,0.1,0.9,0.2,0.8,0.5,0.8,0.9,0.9,0.1,0.9,0.9,0.1,0.6,0.8,0.9,0.9,0.1
185,0.9,0.8500000000000001,0.15000000000000002,0.6,0.8999999999999999,0.9,0.9,0.1,0.9,0.8500000000000001,0.15000000000000002,0.6,0.8999999999999999,0.9,0.9,0.1,0.9,0.9,0.1,0.6,0.8,0.9,0.9,0.1,0.7,0.7999999999999999,0.30000000000000004,0.6999999999999998,0.6000000000000001,0.9,0.9,0.1,0.8,0.8999999999999999,0.1,0.7999999999999999,0.7,0.9,0.9,0.1,0.7,0.9,0.1,0.6999999999999998,0.7,0.9,0.9,0.1,0.9,0.2,0.8,0.5,0.8,0.9,0.9,0.1,0.9,0.9,0.1,0.6,0.8,0.9,0.9,0.1
186,0.9,0.8500000000000001,0.15000000000000002,0.6,0.8999999999999999,0.9,0.9,0.1,0.9,0.8500000000000001,0.15000000000000002,0.6,0.8999999999999999,0.9,0.9,0.1,0.9,0.9,0.1,0.6,0.8,0.9,0.9,0.1,0.7,0.7999999999999999,0.30000000000000004,0.6999999999999998,0.6000000000000001,0.9,0.9,0.1,0.8,0.8999999999999999,0.1,0.7999999999999999,0.7,0.9,0.9,0.1,0.7,0.9,0.1,0.6999999999999998,0.7,0.9,0.9,0.1,0.9,0.2,0.8,0.5,0.8,0.9,0.9,0.1,0.9,0.9,0.1,0.6,0.8,0.9,0.9,0.1
187,0.9,0.8500000000000001,0.15000000000000002,0.6,0.8999999999999999,0.9,0.9,0.1,0.9,0.8500000000000001,0.15000000000000002,0.6,0.8999999999999999,0.9,0.9,0.1,0.9,0.9,0.1,0.6,0.8,0.9,0.9,0.1,0.7,0.7999999999999999,0.30000000000000004,0.6999999999999998,0.6000000000000001,0.9,0.9,0.1,0.8,0.8999999999999999,0.1,0.7999999999999999,0.7,0.9,0.9,0.1,0.7,0.9,0.1,0.6999999999999998,0.7,0.9,0.9,0.1,0.9,0.2,0.8,0.5,0.8,0.9,0.9,0.1,0.9,0.9,0.1,0.6,0.8,0.9,0.9,0.1
188,0.9,0.8500000000000001,0.15000000000000002,0.6,0.8999999999999999,0.9,0.9,0.1,0.9,0.8500000000000001,0.15000000000000002,0.6,0.8999999999999999,0.9,0.9,0.1,0.9,0.9,0.1,0.6,0.8,0.9,0.9,0.1,0.7,0.7999999999999999,0.30000000000000004,0.6999999999999998,0.6000000000000001,0.9,0.9,0.1,0.8,0.8999999999999999,0.1,0.7999999999999999,0.7,0.9,0.9,0.1,0.7,0.9,0.1,0.6999999999999998,0.7,0.9,0.9,0.1,0.9,0.2,0.8,0.5,0.8,0.9,0.9,0.1,0.9,0.9,0.1,0.6,0.8,0.9,0.9,0.1
189,0.9,0.8500000000000001,0.15000000000000002,0.6,0.8999999999999999,0.9,0.9,0.1,0.9,0.8500000000000001,0.15000000000000002,0.6,0.8999999999999999,0.9,0.9,0.1,0.9,0.9,0.1,0.6,0.8,0.9,0.9,0.1,0.7,0.7999999999999999,0.30000000000000004,0.6999999999999998,0.6000000000000001,0.9,0.9,0.1,0.8,0.8999999999999999,0.1,0.7999999999999999,0.7,0.9,0.9,0.1,0.7,0.9,0.1,0.6999999999999998,0.7,0.9,0.9,0.1,0.9,0.2,0.8,0.5,0.8,0.9,0.9,0.1,0.9,0.9,0.1,0.6,0.8,0.9,0.9,0.1
190,0.9,0.8500000000000001,0.15000000000000002,0.6,0.8999999999999999,0.9,0.9,0.1,0.9,0.8500000000000001,0.15000000000000002,0.6,0.8999999999999999,0.9,0.9,0.1,0.9,0.9,0.1,0.6,0.8,0.9,0.9,0.1,0.7,0.7999999999999999,0.30000000000000004,0.6999999999999998,0.6000000000000001,0.9,0.9,0.1,0.8,0.8999999999999999,0.1,0.7999999999999999,0.7,0.9,0.9,0.1,0.7,0.9,0.1,0.6999999999999998,0.7,0.9,0.9,0.1,0.9,0.2,0.8,0.5,0.8,0.9,0.9,0.1,0.9,0.9,0.1,0.6,0.8,0.9,0.9,0.1
191,0.9,0.8500000000000001,0.15000000000000002,0.6,0.8999999999999999,0.9,0.9,0.1,0.9,0.8500000000000001,0.15000000000000002,0.6,0.8999999999999999,0.9,0.9,0.1,0.9,0.9,0.1,0.6,0.8,0.9,0.9,0.1,0.7,0.7999999999999999,0.30000000000000004,0.6999999999999998,0.6000000000000001,0.9,0.9,0.1,0.8,0.8999999999999999,0.1,0.7999999999999999,0.7,0.9,0.9,0.1,0.7,0.9,0.1,0.6999999999999998,0.7,0.9,0.9,0.1,0.9,0.2,0.8,0.5,0.8,0.9,0.9,0.1,0.9,0.9,0.1,0.6,0.8,0.9,0.9,0.1
192,0.9,0.8500000000000001,0.15000000000000002,0.6,0.8999999999999999,0.9,0.9,0.1,0.9,0.8500000000000001,0.15000000000000002,0.6,0.8999999999999999,0.9,0.9,0.1,0.9,0.9,0.1,0.6,0.8,0.9,0.9,0.1,0.7,0.7999999999999999,0.30000000000000004,0.6999999999999998,0.6000000000000001,0.9,0.9,0.1,0.8,0.8999999999999999,0.1,0.7999999999999999,0.7,0.9,0.9,0.1,0.7,0.9,0.1,0.6999999999999998,0.7,0.9,0.9,0.1,0.9,0.2,0.8,0.5,0.8,0.9,0.9,0.1,0.9,0.9,0.1,0.6,0.8,0.9,0.9,0.1
193,0.9,0.8500000000000001,0.15000000000000002,0.6,0.8999999999999999,0.9,0.9,0.1,0.9,0.8500000000000001,0.15000000000000002,0.6,0.8999999999999999,0.9,0.9,0.1,0.9,0.9,0.1,0.6,0.8,0.9,0.9,0.1,0.7,0.7999999999999999,0.30000000000000004,0.6999999999999998,0.6000000000000001,0.9,0.9,0.1,0.8,0.8999999999999999,0.1,0.7999999999999999,0.7,0.9,0.9,0.1,0.7,0.9,0.1,0.6999999999999998,0.7,0.9,0.9,0.1,0.9,0.2,0.8,0.5,0.8,0.9,0.9,0.1,0.9,0.9,0.1,0.6,0.8,0.9,0.9,0.1
194,0.9,0.8500000000000001,0.15000000000000002,0.6,0.8999999999999999,0.9,0.9,0.1,0.9,0.8500000000000001,0.15000000000000002,0.6,0.8999999999999999,0.9,0.9,0.1,0.9,0.9,0.1,0.6,0.8,0.9,0.9,0.1,0.7,0.7999999999999999,0.30000000000000004,0.6999999999999998,0.6000000000000001,0.9,0.9,0.1,0.8,0.8999999999999999,0.1,0.7999999999999999,0.7,0.9,0.9,0.1,0.7,0.9,0.1,0.6999999999999998,0.7,0.9,0.9,0.1,0.9,0.2,0.8,0.5,0.8,0.9,0.9,0.1,0.9,0.9,0.1,0.6,0.8,0.9,0.9,0.1
195,0.9,0.8500000000000001,0.15000000000000002,0.6,0.8999999999999999,0.9,0.9,0.1,0.9,0.8500000000000001,0.15000000000000002,0.6,0.8999999999999999,0.9,0.9,0.1,0.9,0.9,0.1,0.6,0.8,0.9,0.9,0.1,0.7,0.7999999999999999,0.30000000000000004,0.6999999999999998,0.6000000000000001,0.9,0.9,0.1,0.8,0.8999999999999999,0.1,0.7999999999999999,0.7,0.9,0.9,0.1,0.7,0.9,0.1,0.6999999999999998,0.7,0.9,0.9,0.1,0.9,0.2,0.8,0.5,0.8,0.9,0.9,0.1,0.9,0.9,0.1,0.6,0.8,0.9,0.9,0.1
196,0.9,0.8500000000000001,0.15000000000000002,0.6,0.8999999999999999,0.9,0.9,0.1,0.9,0.8500000000000001,0.15000000000000002,0.6,0.8999999999999999,0.9,0.9,0.1,0.9,0.9,0.1,0.6,0.8,0.9,0.9,0.1,0.7,0.7999999999999999,0.30000000000000004,0.6999999999999998,0.6000000000000001,0.9,0.9,0.1,0.8,0.8999999999999999,0.1,0.7999999999999999,0.7,0.9,0.9,0.1,0.7,0.9,0.1,0.6999999999999998,0.7,0.9,0.9,0.1,0.9,0.2,0.8,0.5,0.8,0.9,0.9,0.1,0.9,0.9,0.1,0.6,0.8,0.9,0.9,0.1
197,0.9,0.8500000000000001,0.15000000000000002,0.6,0.8999999999999999,0.9,0.9,0.1,0.9,0.8500000000000001,0.15000000000000002,0.6,0.8999999999999999,0.9,0.9,0.1,0.9,0.9,0.1,0.6,0.8,0.9,0.9,0.1,0.7,0.7999999999999999,0.30000000000000004,0.6999999999999998,0.6000000000000001,0.9,0.9,0.1,0.8,0.8999999999999999,0.1,0.7999999999999999,0.7,0.9,0.9,0.1,0.7,0.9,0.1,0.6999999999999998,0.7,0.9,0.9,0.1,0.9,0.2,0.8,0.5,0.8,0.9,0.9,0.1,0.9,0.9,0.1,0.6,0.8,0.9,0.9,0.1
198,0.9,0.8500000000000001,0.15000000000000002,0.6,0.8999999999999999,0.9,0.9,0.1,0.9,0.8500000000000001,0.15000000000000002,0.6,0.8999999999999999,0.9,0.9,0.1,0.9,0.9,0.1,0.6,0.8,0.9,0.9,0.1,0.7,0.7999999999999999,0.30000000000000004,0.6999999999999998,0.6000000000000001,0.9,0.9,0.1,0.8,0.8999999999999999,0.1,0.7999999999999999,0.7,0.9,0.9,0.1,0.7,0.9,0.1,0.6999999999999998,0.7,0.9,0.9,0.1,0.9,0.2,0.8,0.5,0.8,0.9,0.9,0.1,0.9,0.9,0.1,0.6,0.8,0.9,0.9,0.1
199,0.9,0.8500000000000001,0.15000000000000002,0.6,0.8999999999999999,0.9,0.9,0.1,0.9,0.8500000000000001,0.15000000000000002,0.6,0.8999999999999999,0.9,0.9,0.1,0.9,0.9,0.1,0.6,0.8,0.9,0.9,0.1,0.7,0.7999999999999999,0.30000000000000004,0.6999999999999998,0.6000000000000001,0.9,0.9,0.1,0.8,0.8999999999999999,0.1,0.7999999999999999,0.7,0.9,0.9,0.1,0.7,0.9,0.1,0.6999999999999998,0.7,0.9,0.9,0.1,0.9,0.2,0.8,0.5,0.8,0.9,0.9,0.1,0.9,0.9,0.1,0.6,0.8,0.9,0.9,0.1
